序号,学校招生代码,学校名称,所属区,办别,学校类型,寄宿情况,计划区域,计划数
1,042032,上海市上海中学,上海市,公办,市实验性示范性高中,全部寄宿,嘉定,10
2,102056,上海交通大学附属中学,上海市,公办,市实验性示范性高中,部分寄宿,嘉定,10
3,102057,复旦大学附属中学,上海市,公办,市实验性示范性高中,部分寄宿,嘉定,11
4,152003,华东师范大学第二附属中学,上海市,公办,市实验性示范性高中,部分寄宿,嘉定,10
5,152006,上海师范大学附属中学,上海市,公办,市实验性示范性高中,部分寄宿,嘉定,3
6,012001,上海市格致中学,黄浦区,公办,市实验性示范性高中,部分寄宿,嘉定,6
7,012003,上海市大同中学,黄浦区,公办,市实验性示范性高中,部分寄宿,嘉定,8
8,012008,上海市光明中学,黄浦区,公办,市实验性示范性高中,无寄宿,嘉定,2
9,012010,上海市卢湾高级中学,黄浦区,公办,市实验性示范性高中,部分寄宿,嘉定,10
10,042001,上海市第二中学,徐汇区,公办,市实验性示范性高中,无寄宿,嘉定,3
11,042008,上海市南洋模范中学,徐汇区,公办,市实验性示范性高中,部分寄宿,嘉定,4
12,042035,上海市位育中学,徐汇区,公办,市实验性示范性高中,全部寄宿,嘉定,1
13,043015,上海市南洋中学,徐汇区,公办,市实验性示范性高中,部分寄宿,嘉定,2
14,042036,复旦大学附属中学徐汇分校,徐汇区,公办,享受市实验性示范性高中招生政策高中,部分寄宿,嘉定,2
15,052001,上海市第三女子中学,长宁区,公办,市实验性示范性高中,部分寄宿,嘉定,4
16,052002,上海市延安中学,长宁区,公办,市实验性示范性高中,全部寄宿,嘉定,5
17,053004,上海市复旦中学,长宁区,公办,市实验性示范性高中,全部寄宿,嘉定,4
18,062002,上海市育才中学,静安区,公办,市实验性示范性高中,全部寄宿,嘉定,8
19,062003,上海市新中高级中学,静安区,公办,市实验性示范性高中,部分寄宿,嘉定,4
20,062004,上海市市北中学,静安区,公办,市实验性示范性高中,无寄宿,嘉定,2
21,062011,上海市回民中学,静安区,公办,市实验性示范性高中,部分寄宿,嘉定,3
22,064001,上海市华东模范中学,静安区,公办,市实验性示范性高中,无寄宿,嘉定,5
23,072001,上海市晋元高级中学,普陀区,公办,市实验性示范性高中,全部寄宿,嘉定,12
24,072002,上海市曹杨第二中学,普陀区,公办,市实验性示范性高中,部分寄宿,嘉定,10
25,073003,上海市宜川中学,普陀区,公办,市实验性示范性高中,无寄宿,嘉定,9
26,073082,华东师范大学第二附属中学(普陀校区),普陀区,公办,享受市实验性示范性高中招生政策高中,部分寄宿,嘉定,6
27,092001,复旦大学附属复兴中学,虹口区,公办,市实验性示范性高中,部分寄宿,嘉定,5
28,092002,华东师范大学第一附属中学,虹口区,公办,市实验性示范性高中,部分寄宿,嘉定,3
29,093001,上海财经大学附属北郊高级中学,虹口区,公办,市实验性示范性高中,无寄宿,嘉定,3
30,102004,上海市杨浦高级中学,杨浦区,公办,市实验性示范性高中,部分寄宿,嘉定,3
31,102032,上海市控江中学,杨浦区,公办,市实验性示范性高中,部分寄宿,嘉定,5
32,103002,同济大学第一附属中学,杨浦区,公办,市实验性示范性高中,部分寄宿,嘉定,2
33,122001,上海市七宝中学,闵行区,公办,市实验性示范性高中,部分寄宿,嘉定,6
34,123001,上海市闵行中学,闵行区,公办,市实验性示范性高中,部分寄宿,嘉定,10
35,122002,华东师范大学第二附属中学闵行紫竹分校,闵行区,公办,享受市实验性示范性高中招生政策高中,部分寄宿,嘉定,4
36,122003,上海师范大学附属中学闵行分校,闵行区,公办,享受市实验性示范性高中招生政策高中,部分寄宿,嘉定,2
37,132001,上海市行知中学,宝山区,公办,市实验性示范性高中,部分寄宿,嘉定,6
38,132002,上海大学附属中学,宝山区,公办,市实验性示范性高中,全部寄宿,嘉定,10
39,133001,上海市吴淞中学,宝山区,公办,市实验性示范性高中,部分寄宿,嘉定,10
40,132003,上海师范大学附属中学宝山分校,宝山区,公办,享受市实验性示范性高中招生政策高中,全部寄宿,嘉定,4
41,133003,华东师范大学第二附属中学(宝山校区),宝山区,公办,享受市实验性示范性高中招生政策高中,全部寄宿,嘉定,3
42,142001,上海市嘉定区第一中学,嘉定区,公办,市实验性示范性高中,部分寄宿,嘉定,9
43,142002,上海交通大学附属中学嘉定分校,嘉定区,公办,享受市实验性示范性高中招生政策高中,部分寄宿,嘉定,10
44,142004,上海师范大学附属中学嘉定新城分校,嘉定区,公办,享受市实验性示范性高中招生政策高中,部分寄宿,嘉定,4
45,152001,上海市建平中学,浦东新区,公办,市实验性示范性高中,部分寄宿,嘉定,4
46,152002,上海市进才中学,浦东新区,公办,市实验性示范性高中,部分寄宿,嘉定,8
47,152004,上海南汇中学,浦东新区,公办,市实验性示范性高中,部分寄宿,嘉定,14
48,153001,上海市洋泾中学,浦东新区,公办,市实验性示范性高中,部分寄宿,嘉定,4
49,153004,上海市高桥中学,浦东新区,公办,市实验性示范性高中,部分寄宿,嘉定,6
50,153005,上海市川沙中学,浦东新区,公办,市实验性示范性高中,部分寄宿,嘉定,6
51,151078,上海中学东校,浦东新区,公办,享受市实验性示范性高中招生政策高中,全部寄宿,嘉定,2
52,152005,上海市浦东复旦附中分校,浦东新区,公办,享受市实验性示范性高中招生政策高中,部分寄宿,嘉定,4
53,162000,上海市金山中学,金山区,公办,市实验性示范性高中,全部寄宿,嘉定,1
54,163002,华东师范大学第三附属中学,金山区,公办,市实验性示范性高中,全部寄宿,嘉定,3
55,172001,上海市松江二中,松江区,公办,市实验性示范性高中,部分寄宿,嘉定,2
56,173001,上海市松江一中,松江区,公办,市实验性示范性高中,部分寄宿,嘉定,4
57,174003,上海外国语大学附属外国语学校松江云间中学,松江区,公办,享受市实验性示范性高中招生政策高中,部分寄宿,嘉定,6
58,182001,上海市青浦高级中学,青浦区,公办,市实验性示范性高中,部分寄宿,嘉定,12
59,183002,上海市朱家角中学,青浦区,公办,市实验性示范性高中,部分寄宿,嘉定,8
60,182002,复旦大学附属中学青浦分校,青浦区,公办,享受市实验性示范性高中招生政策高中,全部寄宿,嘉定,4
61,202001,上海市奉贤中学,奉贤区,公办,市实验性示范性高中,全部寄宿,嘉定,2
62,512000,上海市崇明中学,崇明区,公办,市实验性示范性高中,全部寄宿,嘉定,4
63,042032,上海市上海中学,上海市,公办,市实验性示范性高中,全部寄宿,宝山,11
64,102056,上海交通大学附属中学,上海市,公办,市实验性示范性高中,部分寄宿,宝山,22
65,102057,复旦大学附属中学,上海市,公办,市实验性示范性高中,部分寄宿,宝山,16
66,152003,华东师范大学第二附属中学,上海市,公办,市实验性示范性高中,部分寄宿,宝山,10
67,012001,上海市格致中学,黄浦区,公办,市实验性示范性高中,部分寄宿,宝山,17
68,012003,上海市大同中学,黄浦区,公办,市实验性示范性高中,部分寄宿,宝山,7
69,012007,上海外国语大学附属大境中学,黄浦区,公办,市实验性示范性高中,部分寄宿,宝山,2
70,012008,上海市光明中学,黄浦区,公办,市实验性示范性高中,无寄宿,宝山,3
71,042001,上海市第二中学,徐汇区,公办,市实验性示范性高中,无寄宿,宝山,2
72,042008,上海市南洋模范中学,徐汇区,公办,市实验性示范性高中,部分寄宿,宝山,3
73,042035,上海市位育中学,徐汇区,公办,市实验性示范性高中,全部寄宿,宝山,4
74,043015,上海市南洋中学,徐汇区,公办,市实验性示范性高中,部分寄宿,宝山,2
75,052001,上海市第三女子中学,长宁区,公办,市实验性示范性高中,部分寄宿,宝山,3
76,052002,上海市延安中学,长宁区,公办,市实验性示范性高中,全部寄宿,宝山,2
77,053004,上海市复旦中学,长宁区,公办,市实验性示范性高中,全部寄宿,宝山,1
78,062001,上海市市西中学,静安区,公办,市实验性示范性高中,无寄宿,宝山,5
79,062002,上海市育才中学,静安区,公办,市实验性示范性高中,全部寄宿,宝山,5
80,062003,上海市新中高级中学,静安区,公办,市实验性示范性高中,部分寄宿,宝山,27
81,062004,上海市市北中学,静安区,公办,市实验性示范性高中,无寄宿,宝山,9
82,062011,上海市回民中学,静安区,公办,市实验性示范性高中,部分寄宿,宝山,8
83,063004,上海市第六十中学,静安区,公办,市实验性示范性高中,无寄宿,宝山,12
84,064001,上海市华东模范中学,静安区,公办,市实验性示范性高中,无寄宿,宝山,2
85,072001,上海市晋元高级中学,普陀区,公办,市实验性示范性高中,全部寄宿,宝山,32
86,072002,上海市曹杨第二中学,普陀区,公办,市实验性示范性高中,部分寄宿,宝山,9
87,073003,上海市宜川中学,普陀区,公办,市实验性示范性高中,无寄宿,宝山,9
88,092001,复旦大学附属复兴中学,虹口区,公办,市实验性示范性高中,部分寄宿,宝山,12
89,092002,华东师范大学第一附属中学,虹口区,公办,市实验性示范性高中,部分寄宿,宝山,4
90,093001,上海财经大学附属北郊高级中学,虹口区,公办,市实验性示范性高中,无寄宿,宝山,6
91,102004,上海市杨浦高级中学,杨浦区,公办,市实验性示范性高中,部分寄宿,宝山,9
92,102032,上海市控江中学,杨浦区,公办,市实验性示范性高中,部分寄宿,宝山,10
93,103002,同济大学第一附属中学,杨浦区,公办,市实验性示范性高中,部分寄宿,宝山,20
94,122001,上海市七宝中学,闵行区,公办,市实验性示范性高中,部分寄宿,宝山,6
95,123001,上海市闵行中学,闵行区,公办,市实验性示范性高中,部分寄宿,宝山,10
96,122002,华东师范大学第二附属中学闵行紫竹分校,闵行区,公办,享受市实验性示范性高中招生政策高中,部分寄宿,宝山,2
97,122003,上海师范大学附属中学闵行分校,闵行区,公办,享受市实验性示范性高中招生政策高中,部分寄宿,宝山,5
98,132001,上海市行知中学,宝山区,公办,市实验性示范性高中,部分寄宿,宝山,10
99,132002,上海大学附属中学,宝山区,公办,市实验性示范性高中,全部寄宿,宝山,10
100,133001,上海市吴淞中学,宝山区,公办,市实验性示范性高中,部分寄宿,宝山,10
101,132003,上海师范大学附属中学宝山分校,宝山区,公办,享受市实验性示范性高中招生政策高中,全部寄宿,宝山,3
102,133003,华东师范大学第二附属中学(宝山校区),宝山区,公办,享受市实验性示范性高中招生政策高中,全部寄宿,宝山,5
103,142001,上海市嘉定区第一中学,嘉定区,公办,市实验性示范性高中,部分寄宿,宝山,8
104,142002,上海交通大学附属中学嘉定分校,嘉定区,公办,享受市实验性示范性高中招生政策高中,部分寄宿,宝山,8
105,142004,上海师范大学附属中学嘉定新城分校,嘉定区,公办,享受市实验性示范性高中招生政策高中,部分寄宿,宝山,3
106,152001,上海市建平中学,浦东新区,公办,市实验性示范性高中,部分寄宿,宝山,8
107,152002,上海市进才中学,浦东新区,公办,市实验性示范性高中,部分寄宿,宝山,8
108,152004,上海南汇中学,浦东新区,公办,市实验性示范性高中,部分寄宿,宝山,8
109,153001,上海市洋泾中学,浦东新区,公办,市实验性示范性高中,部分寄宿,宝山,5
110,153004,上海市高桥中学,浦东新区,公办,市实验性示范性高中,部分寄宿,宝山,8
111,153005,上海市川沙中学,浦东新区,公办,市实验性示范性高中,部分寄宿,宝山,5
112,151078,上海中学东校,浦东新区,公办,享受市实验性示范性高中招生政策高中,全部寄宿,宝山,8
113,162000,上海市金山中学,金山区,公办,市实验性示范性高中,全部寄宿,宝山,2
114,163002,华东师范大学第三附属中学,金山区,公办,市实验性示范性高中,全部寄宿,宝山,2
115,172001,上海市松江二中,松江区,公办,市实验性示范性高中,部分寄宿,宝山,3
116,173001,上海市松江一中,松江区,公办,市实验性示范性高中,部分寄宿,宝山,3
117,174003,上海外国语大学附属外国语学校松江云间中学,松江区,公办,享受市实验性示范性高中招生政策高中,部分寄宿,宝山,4
118,182001,上海市青浦高级中学,青浦区,公办,市实验性示范性高中,部分寄宿,宝山,5
119,183002,上海市朱家角中学,青浦区,公办,市实验性示范性高中,部分寄宿,宝山,7
120,182002,复旦大学附属中学青浦分校,青浦区,公办,享受市实验性示范性高中招生政策高中,全部寄宿,宝山,3
121,202001,上海市奉贤中学,奉贤区,公办,市实验性示范性高中,全部寄宿,宝山,2
122,202002,华东师范大学第二附属中学临港奉贤分校,奉贤区,公办,享受市实验性示范性高中招生政策高中,全部寄宿,宝山,1
123,512000,上海市崇明中学,崇明区,公办,市实验性示范性高中,全部寄宿,宝山,8
124,512001,上海市实验学校东滩高级中学,崇明区,公办,享受市实验性示范性高中招生政策高中,全部寄宿,宝山,3
125,042032,上海市上海中学,上海市,公办,市实验性示范性高中,全部寄宿,崇明,2
126,102056,上海交通大学附属中学,上海市,公办,市实验性示范性高中,部分寄宿,崇明,2
127,102057,复旦大学附属中学,上海市,公办,市实验性示范性高中,部分寄宿,崇明,2
128,152003,华东师范大学第二附属中学,上海市,公办,市实验性示范性高中,部分寄宿,崇明,1
129,062002,上海市育才中学,静安区,公办,市实验性示范性高中,全部寄宿,崇明,1
130,062003,上海市新中高级中学,静安区,公办,市实验性示范性高中,部分寄宿,崇明,1
131,073003,上海市宜川中学,普陀区,公办,市实验性示范性高中,无寄宿,崇明,3
132,102004,上海市杨浦高级中学,杨浦区,公办,市实验性示范性高中,部分寄宿,崇明,1
133,102032,上海市控江中学,杨浦区,公办,市实验性示范性高中,部分寄宿,崇明,2
134,123001,上海市闵行中学,闵行区,公办,市实验性示范性高中,部分寄宿,崇明,2
135,122003,上海师范大学附属中学闵行分校,闵行区,公办,享受市实验性示范性高中招生政策高中,部分寄宿,崇明,2
136,132001,上海市行知中学,宝山区,公办,市实验性示范性高中,部分寄宿,崇明,16
137,132002,上海大学附属中学,宝山区,公办,市实验性示范性高中,全部寄宿,崇明,4
138,133001,上海市吴淞中学,宝山区,公办,市实验性示范性高中,部分寄宿,崇明,4
139,132003,上海师范大学附属中学宝山分校,宝山区,公办,享受市实验性示范性高中招生政策高中,全部寄宿,崇明,3
140,133003,华东师范大学第二附属中学(宝山校区),宝山区,公办,享受市实验性示范性高中招生政策高中,全部寄宿,崇明,4
141,142001,上海市嘉定区第一中学,嘉定区,公办,市实验性示范性高中,部分寄宿,崇明,2
142,152001,上海市建平中学,浦东新区,公办,市实验性示范性高中,部分寄宿,崇明,4
143,152002,上海市进才中学,浦东新区,公办,市实验性示范性高中,部分寄宿,崇明,4
144,152004,上海南汇中学,浦东新区,公办,市实验性示范性高中,部分寄宿,崇明,6
145,153001,上海市洋泾中学,浦东新区,公办,市实验性示范性高中,部分寄宿,崇明,4
146,153004,上海市高桥中学,浦东新区,公办,市实验性示范性高中,部分寄宿,崇明,6
147,153005,上海市川沙中学,浦东新区,公办,市实验性示范性高中,部分寄宿,崇明,1
148,042032,上海市上海中学,上海市,公办,市实验性示范性高中,全部寄宿,奉贤,4
149,102056,上海交通大学附属中学,上海市,公办,市实验性示范性高中,部分寄宿,奉贤,6
150,102057,复旦大学附属中学,上海市,公办,市实验性示范性高中,部分寄宿,奉贤,4
151,152003,华东师范大学第二附属中学,上海市,公办,市实验性示范性高中,部分寄宿,奉贤,5
152,152006,上海师范大学附属中学,上海市,公办,市实验性示范性高中,部分寄宿,奉贤,3
153,012002,上海市格致中学(奉贤校区),黄浦区,公办,享受市实验性示范性高中招生政策高中,全部寄宿,奉贤,20
154,042001,上海市第二中学,徐汇区,公办,市实验性示范性高中,无寄宿,奉贤,1
155,042035,上海市位育中学,徐汇区,公办,市实验性示范性高中,全部寄宿,奉贤,1
156,043015,上海市南洋中学,徐汇区,公办,市实验性示范性高中,部分寄宿,奉贤,2
157,053004,上海市复旦中学,长宁区,公办,市实验性示范性高中,全部寄宿,奉贤,1
158,062002,上海市育才中学,静安区,公办,市实验性示范性高中,全部寄宿,奉贤,3
159,072001,上海市晋元高级中学,普陀区,公办,市实验性示范性高中,全部寄宿,奉贤,1
160,073003,上海市宜川中学,普陀区,公办,市实验性示范性高中,无寄宿,奉贤,3
161,092002,华东师范大学第一附属中学,虹口区,公办,市实验性示范性高中,部分寄宿,奉贤,1
162,102004,上海市杨浦高级中学,杨浦区,公办,市实验性示范性高中,部分寄宿,奉贤,3
163,122001,上海市七宝中学,闵行区,公办,市实验性示范性高中,部分寄宿,奉贤,3
164,123001,上海市闵行中学,闵行区,公办,市实验性示范性高中,部分寄宿,奉贤,6
165,122003,上海师范大学附属中学闵行分校,闵行区,公办,享受市实验性示范性高中招生政策高中,部分寄宿,奉贤,7
166,122004,上海交通大学附属中学闵行分校,闵行区,公办,享受市实验性示范性高中招生政策高中,部分寄宿,奉贤,6
167,132001,上海市行知中学,宝山区,公办,市实验性示范性高中,部分寄宿,奉贤,6
168,132002,上海大学附属中学,宝山区,公办,市实验性示范性高中,全部寄宿,奉贤,2
169,133001,上海市吴淞中学,宝山区,公办,市实验性示范性高中,部分寄宿,奉贤,4
170,133003,华东师范大学第二附属中学(宝山校区),宝山区,公办,享受市实验性示范性高中招生政策高中,全部寄宿,奉贤,2
171,142001,上海市嘉定区第一中学,嘉定区,公办,市实验性示范性高中,部分寄宿,奉贤,4
172,142004,上海师范大学附属中学嘉定新城分校,嘉定区,公办,享受市实验性示范性高中招生政策高中,部分寄宿,奉贤,5
173,152001,上海市建平中学,浦东新区,公办,市实验性示范性高中,部分寄宿,奉贤,2
174,152002,上海市进才中学,浦东新区,公办,市实验性示范性高中,部分寄宿,奉贤,5
175,152004,上海南汇中学,浦东新区,公办,市实验性示范性高中,部分寄宿,奉贤,15
176,153001,上海市洋泾中学,浦东新区,公办,市实验性示范性高中,部分寄宿,奉贤,4
177,153004,上海市高桥中学,浦东新区,公办,市实验性示范性高中,部分寄宿,奉贤,6
178,153005,上海市川沙中学,浦东新区,公办,市实验性示范性高中,部分寄宿,奉贤,3
179,151078,上海中学东校,浦东新区,公办,享受市实验性示范性高中招生政策高中,全部寄宿,奉贤,4
180,162000,上海市金山中学,金山区,公办,市实验性示范性高中,全部寄宿,奉贤,3
181,163002,华东师范大学第三附属中学,金山区,公办,市实验性示范性高中,全部寄宿,奉贤,5
182,172001,上海市松江二中,松江区,公办,市实验性示范性高中,部分寄宿,奉贤,2
183,173001,上海市松江一中,松江区,公办,市实验性示范性高中,部分寄宿,奉贤,7
184,172002,华东师范大学第二附属中学松江分校,松江区,公办,享受市实验性示范性高中招生政策高中,部分寄宿,奉贤,3
185,174003,上海外国语大学附属外国语学校松江云间中学,松江区,公办,享受市实验性示范性高中招生政策高中,部分寄宿,奉贤,2
186,182001,上海市青浦高级中学,青浦区,公办,市实验性示范性高中,部分寄宿,奉贤,6
187,183002,上海市朱家角中学,青浦区,公办,市实验性示范性高中,部分寄宿,奉贤,6
188,202001,上海市奉贤中学,奉贤区,公办,市实验性示范性高中,全部寄宿,奉贤,5
189,202002,华东师范大学第二附属中学临港奉贤分校,奉贤区,公办,享受市实验性示范性高中招生政策高中,全部寄宿,奉贤,2
190,512000,上海市崇明中学,崇明区,公办,市实验性示范性高中,全部寄宿,奉贤,3
191,042032,上海市上海中学,上海市,公办,市实验性示范性高中,全部寄宿,虹口,7
192,102056,上海交通大学附属中学,上海市,公办,市实验性示范性高中,部分寄宿,虹口,19
193,102057,复旦大学附属中学,上海市,公办,市实验性示范性高中,部分寄宿,虹口,13
194,152003,华东师范大学第二附属中学,上海市,公办,市实验性示范性高中,部分寄宿,虹口,11
195,012001,上海市格致中学,黄浦区,公办,市实验性示范性高中,部分寄宿,虹口,9
196,012007,上海外国语大学附属大境中学,黄浦区,公办,市实验性示范性高中,部分寄宿,虹口,3
197,012008,上海市光明中学,黄浦区,公办,市实验性示范性高中,无寄宿,虹口,3
198,012009,上海市敬业中学,黄浦区,公办,市实验性示范性高中,无寄宿,虹口,3
199,042001,上海市第二中学,徐汇区,公办,市实验性示范性高中,无寄宿,虹口,4
200,042008,上海市南洋模范中学,徐汇区,公办,市实验性示范性高中,部分寄宿,虹口,3
201,042035,上海市位育中学,徐汇区,公办,市实验性示范性高中,全部寄宿,虹口,2
202,043015,上海市南洋中学,徐汇区,公办,市实验性示范性高中,部分寄宿,虹口,2
203,052001,上海市第三女子中学,长宁区,公办,市实验性示范性高中,部分寄宿,虹口,3
204,052002,上海市延安中学,长宁区,公办,市实验性示范性高中,全部寄宿,虹口,2
205,053004,上海市复旦中学,长宁区,公办,市实验性示范性高中,全部寄宿,虹口,3
206,062002,上海市育才中学,静安区,公办,市实验性示范性高中,全部寄宿,虹口,2
207,062003,上海市新中高级中学,静安区,公办,市实验性示范性高中,部分寄宿,虹口,6
208,062004,上海市市北中学,静安区,公办,市实验性示范性高中,无寄宿,虹口,5
209,062011,上海市回民中学,静安区,公办,市实验性示范性高中,部分寄宿,虹口,2
210,063004,上海市第六十中学,静安区,公办,市实验性示范性高中,无寄宿,虹口,6
211,064001,上海市华东模范中学,静安区,公办,市实验性示范性高中,无寄宿,虹口,2
212,072001,上海市晋元高级中学,普陀区,公办,市实验性示范性高中,全部寄宿,虹口,3
213,072002,上海市曹杨第二中学,普陀区,公办,市实验性示范性高中,部分寄宿,虹口,2
214,073003,上海市宜川中学,普陀区,公办,市实验性示范性高中,无寄宿,虹口,6
215,073082,华东师范大学第二附属中学(普陀校区),普陀区,公办,享受市实验性示范性高中招生政策高中,部分寄宿,虹口,5
216,092001,复旦大学附属复兴中学,虹口区,公办,市实验性示范性高中,部分寄宿,虹口,8
217,092002,华东师范大学第一附属中学,虹口区,公办,市实验性示范性高中,部分寄宿,虹口,7
218,093001,上海财经大学附属北郊高级中学,虹口区,公办,市实验性示范性高中,无寄宿,虹口,6
219,102004,上海市杨浦高级中学,杨浦区,公办,市实验性示范性高中,部分寄宿,虹口,10
220,102032,上海市控江中学,杨浦区,公办,市实验性示范性高中,部分寄宿,虹口,10
221,103002,同济大学第一附属中学,杨浦区,公办,市实验性示范性高中,部分寄宿,虹口,2
222,122001,上海市七宝中学,闵行区,公办,市实验性示范性高中,部分寄宿,虹口,3
223,123001,上海市闵行中学,闵行区,公办,市实验性示范性高中,部分寄宿,虹口,3
224,122002,华东师范大学第二附属中学闵行紫竹分校,闵行区,公办,享受市实验性示范性高中招生政策高中,部分寄宿,虹口,3
225,122003,上海师范大学附属中学闵行分校,闵行区,公办,享受市实验性示范性高中招生政策高中,部分寄宿,虹口,3
226,132001,上海市行知中学,宝山区,公办,市实验性示范性高中,部分寄宿,虹口,5
227,132002,上海大学附属中学,宝山区,公办,市实验性示范性高中,全部寄宿,虹口,4
228,133001,上海市吴淞中学,宝山区,公办,市实验性示范性高中,部分寄宿,虹口,3
229,132003,上海师范大学附属中学宝山分校,宝山区,公办,享受市实验性示范性高中招生政策高中,全部寄宿,虹口,2
230,133003,华东师范大学第二附属中学(宝山校区),宝山区,公办,享受市实验性示范性高中招生政策高中,全部寄宿,虹口,4
231,142001,上海市嘉定区第一中学,嘉定区,公办,市实验性示范性高中,部分寄宿,虹口,2
232,142002,上海交通大学附属中学嘉定分校,嘉定区,公办,享受市实验性示范性高中招生政策高中,部分寄宿,虹口,12
233,152001,上海市建平中学,浦东新区,公办,市实验性示范性高中,部分寄宿,虹口,10
234,152002,上海市进才中学,浦东新区,公办,市实验性示范性高中,部分寄宿,虹口,3
235,152004,上海南汇中学,浦东新区,公办,市实验性示范性高中,部分寄宿,虹口,8
236,153001,上海市洋泾中学,浦东新区,公办,市实验性示范性高中,部分寄宿,虹口,7
237,153004,上海市高桥中学,浦东新区,公办,市实验性示范性高中,部分寄宿,虹口,4
238,153005,上海市川沙中学,浦东新区,公办,市实验性示范性高中,部分寄宿,虹口,9
239,151078,上海中学东校,浦东新区,公办,享受市实验性示范性高中招生政策高中,全部寄宿,虹口,4
240,152005,上海市浦东复旦附中分校,浦东新区,公办,享受市实验性示范性高中招生政策高中,部分寄宿,虹口,4
241,162000,上海市金山中学,金山区,公办,市实验性示范性高中,全部寄宿,虹口,1
242,163002,华东师范大学第三附属中学,金山区,公办,市实验性示范性高中,全部寄宿,虹口,3
243,172001,上海市松江二中,松江区,公办,市实验性示范性高中,部分寄宿,虹口,2
244,173001,上海市松江一中,松江区,公办,市实验性示范性高中,部分寄宿,虹口,4
245,174003,上海外国语大学附属外国语学校松江云间中学,松江区,公办,享受市实验性示范性高中招生政策高中,部分寄宿,虹口,2
246,182001,上海市青浦高级中学,青浦区,公办,市实验性示范性高中,部分寄宿,虹口,4
247,183002,上海市朱家角中学,青浦区,公办,市实验性示范性高中,部分寄宿,虹口,4
248,182002,复旦大学附属中学青浦分校,青浦区,公办,享受市实验性示范性高中招生政策高中,全部寄宿,虹口,3
249,202001,上海市奉贤中学,奉贤区,公办,市实验性示范性高中,全部寄宿,虹口,2
250,202002,华东师范大学第二附属中学临港奉贤分校,奉贤区,公办,享受市实验性示范性高中招生政策高中,全部寄宿,虹口,1
251,512000,上海市崇明中学,崇明区,公办,市实验性示范性高中,全部寄宿,虹口,2
252,512001,上海市实验学校东滩高级中学,崇明区,公办,享受市实验性示范性高中招生政策高中,全部寄宿,虹口,3
253,042032,上海市上海中学,上海市,公办,市实验性示范性高中,全部寄宿,黄浦,8
254,102056,上海交通大学附属中学,上海市,公办,市实验性示范性高中,部分寄宿,黄浦,9
255,102057,复旦大学附属中学,上海市,公办,市实验性示范性高中,部分寄宿,黄浦,10
256,152003,华东师范大学第二附属中学,上海市,公办,市实验性示范性高中,部分寄宿,黄浦,11
257,012001,上海市格致中学,黄浦区,公办,市实验性示范性高中,部分寄宿,黄浦,3
258,012003,上海市大同中学,黄浦区,公办,市实验性示范性高中,部分寄宿,黄浦,3
259,012005,上海市向明中学,黄浦区,公办,市实验性示范性高中,无寄宿,黄浦,2
260,012007,上海外国语大学附属大境中学,黄浦区,公办,市实验性示范性高中,部分寄宿,黄浦,3
261,012008,上海市光明中学,黄浦区,公办,市实验性示范性高中,无寄宿,黄浦,3
262,012009,上海市敬业中学,黄浦区,公办,市实验性示范性高中,无寄宿,黄浦,3
263,012010,上海市卢湾高级中学,黄浦区,公办,市实验性示范性高中,部分寄宿,黄浦,3
264,012002,上海市格致中学(奉贤校区),黄浦区,公办,享受市实验性示范性高中招生政策高中,全部寄宿,黄浦,20
265,012006,上海市向明中学(浦江校区),黄浦区,公办,享受市实验性示范性高中招生政策高中,全部寄宿,黄浦,15
266,042001,上海市第二中学,徐汇区,公办,市实验性示范性高中,无寄宿,黄浦,6
267,042008,上海市南洋模范中学,徐汇区,公办,市实验性示范性高中,部分寄宿,黄浦,8
268,042035,上海市位育中学,徐汇区,公办,市实验性示范性高中,全部寄宿,黄浦,3
269,043015,上海市南洋中学,徐汇区,公办,市实验性示范性高中,部分寄宿,黄浦,3
270,052001,上海市第三女子中学,长宁区,公办,市实验性示范性高中,部分寄宿,黄浦,3
271,052002,上海市延安中学,长宁区,公办,市实验性示范性高中,全部寄宿,黄浦,3
272,053004,上海市复旦中学,长宁区,公办,市实验性示范性高中,全部寄宿,黄浦,2
273,062001,上海市市西中学,静安区,公办,市实验性示范性高中,无寄宿,黄浦,6
274,062002,上海市育才中学,静安区,公办,市实验性示范性高中,全部寄宿,黄浦,2
275,062004,上海市市北中学,静安区,公办,市实验性示范性高中,无寄宿,黄浦,5
276,062011,上海市回民中学,静安区,公办,市实验性示范性高中,部分寄宿,黄浦,1
277,063004,上海市第六十中学,静安区,公办,市实验性示范性高中,无寄宿,黄浦,3
278,064001,上海市华东模范中学,静安区,公办,市实验性示范性高中,无寄宿,黄浦,2
279,072002,上海市曹杨第二中学,普陀区,公办,市实验性示范性高中,部分寄宿,黄浦,2
280,073003,上海市宜川中学,普陀区,公办,市实验性示范性高中,无寄宿,黄浦,3
281,073082,华东师范大学第二附属中学(普陀校区),普陀区,公办,享受市实验性示范性高中招生政策高中,部分寄宿,黄浦,3
282,092002,华东师范大学第一附属中学,虹口区,公办,市实验性示范性高中,部分寄宿,黄浦,2
283,102004,上海市杨浦高级中学,杨浦区,公办,市实验性示范性高中,部分寄宿,黄浦,3
284,102032,上海市控江中学,杨浦区,公办,市实验性示范性高中,部分寄宿,黄浦,7
285,122001,上海市七宝中学,闵行区,公办,市实验性示范性高中,部分寄宿,黄浦,5
286,123001,上海市闵行中学,闵行区,公办,市实验性示范性高中,部分寄宿,黄浦,2
287,122002,华东师范大学第二附属中学闵行紫竹分校,闵行区,公办,享受市实验性示范性高中招生政策高中,部分寄宿,黄浦,2
288,122003,上海师范大学附属中学闵行分校,闵行区,公办,享受市实验性示范性高中招生政策高中,部分寄宿,黄浦,5
289,132001,上海市行知中学,宝山区,公办,市实验性示范性高中,部分寄宿,黄浦,2
290,132002,上海大学附属中学,宝山区,公办,市实验性示范性高中,全部寄宿,黄浦,2
291,133001,上海市吴淞中学,宝山区,公办,市实验性示范性高中,部分寄宿,黄浦,1
292,133003,华东师范大学第二附属中学(宝山校区),宝山区,公办,享受市实验性示范性高中招生政策高中,全部寄宿,黄浦,3
293,142001,上海市嘉定区第一中学,嘉定区,公办,市实验性示范性高中,部分寄宿,黄浦,5
294,142002,上海交通大学附属中学嘉定分校,嘉定区,公办,享受市实验性示范性高中招生政策高中,部分寄宿,黄浦,4
295,152001,上海市建平中学,浦东新区,公办,市实验性示范性高中,部分寄宿,黄浦,10
296,152002,上海市进才中学,浦东新区,公办,市实验性示范性高中,部分寄宿,黄浦,7
297,152004,上海南汇中学,浦东新区,公办,市实验性示范性高中,部分寄宿,黄浦,6
298,153001,上海市洋泾中学,浦东新区,公办,市实验性示范性高中,部分寄宿,黄浦,8
299,153004,上海市高桥中学,浦东新区,公办,市实验性示范性高中,部分寄宿,黄浦,2
300,153005,上海市川沙中学,浦东新区,公办,市实验性示范性高中,部分寄宿,黄浦,8
301,152005,上海市浦东复旦附中分校,浦东新区,公办,享受市实验性示范性高中招生政策高中,部分寄宿,黄浦,12
302,162000,上海市金山中学,金山区,公办,市实验性示范性高中,全部寄宿,黄浦,2
303,163002,华东师范大学第三附属中学,金山区,公办,市实验性示范性高中,全部寄宿,黄浦,3
304,172001,上海市松江二中,松江区,公办,市实验性示范性高中,部分寄宿,黄浦,2
305,173001,上海市松江一中,松江区,公办,市实验性示范性高中,部分寄宿,黄浦,5
306,174003,上海外国语大学附属外国语学校松江云间中学,松江区,公办,享受市实验性示范性高中招生政策高中,部分寄宿,黄浦,2
307,182001,上海市青浦高级中学,青浦区,公办,市实验性示范性高中,部分寄宿,黄浦,2
308,183002,上海市朱家角中学,青浦区,公办,市实验性示范性高中,部分寄宿,黄浦,3
309,182002,复旦大学附属中学青浦分校,青浦区,公办,享受市实验性示范性高中招生政策高中,全部寄宿,黄浦,2
310,202001,上海市奉贤中学,奉贤区,公办,市实验性示范性高中,全部寄宿,黄浦,2
311,202002,华东师范大学第二附属中学临港奉贤分校,奉贤区,公办,享受市实验性示范性高中招生政策高中,全部寄宿,黄浦,4
312,512000,上海市崇明中学,崇明区,公办,市实验性示范性高中,全部寄宿,黄浦,2
313,042032,上海市上海中学,上海市,公办,市实验性示范性高中,全部寄宿,金山,4
314,102056,上海交通大学附属中学,上海市,公办,市实验性示范性高中,部分寄宿,金山,3
315,102057,复旦大学附属中学,上海市,公办,市实验性示范性高中,部分寄宿,金山,4
316,152003,华东师范大学第二附属中学,上海市,公办,市实验性示范性高中,部分寄宿,金山,5
317,152006,上海师范大学附属中学,上海市,公办,市实验性示范性高中,部分寄宿,金山,2
318,042001,上海市第二中学,徐汇区,公办,市实验性示范性高中,无寄宿,金山,3
319,042008,上海市南洋模范中学,徐汇区,公办,市实验性示范性高中,部分寄宿,金山,5
320,042035,上海市位育中学,徐汇区,公办,市实验性示范性高中,全部寄宿,金山,5
321,043015,上海市南洋中学,徐汇区,公办,市实验性示范性高中,部分寄宿,金山,2
322,052002,上海市延安中学,长宁区,公办,市实验性示范性高中,全部寄宿,金山,2
323,053004,上海市复旦中学,长宁区,公办,市实验性示范性高中,全部寄宿,金山,1
324,062002,上海市育才中学,静安区,公办,市实验性示范性高中,全部寄宿,金山,2
325,073003,上海市宜川中学,普陀区,公办,市实验性示范性高中,无寄宿,金山,2
326,092002,华东师范大学第一附属中学,虹口区,公办,市实验性示范性高中,部分寄宿,金山,2
327,093001,上海财经大学附属北郊高级中学,虹口区,公办,市实验性示范性高中,无寄宿,金山,1
328,102004,上海市杨浦高级中学,杨浦区,公办,市实验性示范性高中,部分寄宿,金山,2
329,122001,上海市七宝中学,闵行区,公办,市实验性示范性高中,部分寄宿,金山,6
330,123001,上海市闵行中学,闵行区,公办,市实验性示范性高中,部分寄宿,金山,5
331,122003,上海师范大学附属中学闵行分校,闵行区,公办,享受市实验性示范性高中招生政策高中,部分寄宿,金山,3
332,132002,上海大学附属中学,宝山区,公办,市实验性示范性高中,全部寄宿,金山,1
333,133001,上海市吴淞中学,宝山区,公办,市实验性示范性高中,部分寄宿,金山,1
334,142001,上海市嘉定区第一中学,嘉定区,公办,市实验性示范性高中,部分寄宿,金山,2
335,142002,上海交通大学附属中学嘉定分校,嘉定区,公办,享受市实验性示范性高中招生政策高中,部分寄宿,金山,4
336,152001,上海市建平中学,浦东新区,公办,市实验性示范性高中,部分寄宿,金山,6
337,152002,上海市进才中学,浦东新区,公办,市实验性示范性高中,部分寄宿,金山,7
338,152004,上海南汇中学,浦东新区,公办,市实验性示范性高中,部分寄宿,金山,6
339,153001,上海市洋泾中学,浦东新区,公办,市实验性示范性高中,部分寄宿,金山,4
340,153004,上海市高桥中学,浦东新区,公办,市实验性示范性高中,部分寄宿,金山,6
341,153005,上海市川沙中学,浦东新区,公办,市实验性示范性高中,部分寄宿,金山,1
342,151078,上海中学东校,浦东新区,公办,享受市实验性示范性高中招生政策高中,全部寄宿,金山,4
343,162000,上海市金山中学,金山区,公办,市实验性示范性高中,全部寄宿,金山,8
344,163002,华东师范大学第三附属中学,金山区,公办,市实验性示范性高中,全部寄宿,金山,8
345,172001,上海市松江二中,松江区,公办,市实验性示范性高中,部分寄宿,金山,12
346,173001,上海市松江一中,松江区,公办,市实验性示范性高中,部分寄宿,金山,5
347,174003,上海外国语大学附属外国语学校松江云间中学,松江区,公办,享受市实验性示范性高中招生政策高中,部分寄宿,金山,6
348,182001,上海市青浦高级中学,青浦区,公办,市实验性示范性高中,部分寄宿,金山,6
349,183002,上海市朱家角中学,青浦区,公办,市实验性示范性高中,部分寄宿,金山,6
350,182002,复旦大学附属中学青浦分校,青浦区,公办,享受市实验性示范性高中招生政策高中,全部寄宿,金山,2
351,202001,上海市奉贤中学,奉贤区,公办,市实验性示范性高中,全部寄宿,金山,15
352,202002,华东师范大学第二附属中学临港奉贤分校,奉贤区,公办,享受市实验性示范性高中招生政策高中,全部寄宿,金山,2
353,512000,上海市崇明中学,崇明区,公办,市实验性示范性高中,全部寄宿,金山,2
354,042032,上海市上海中学,上海市,公办,市实验性示范性高中,全部寄宿,静安,9
355,102056,上海交通大学附属中学,上海市,公办,市实验性示范性高中,部分寄宿,静安,28
356,102057,复旦大学附属中学,上海市,公办,市实验性示范性高中,部分寄宿,静安,24
357,152003,华东师范大学第二附属中学,上海市,公办,市实验性示范性高中,部分寄宿,静安,17
358,012001,上海市格致中学,黄浦区,公办,市实验性示范性高中,部分寄宿,静安,24
359,012003,上海市大同中学,黄浦区,公办,市实验性示范性高中,部分寄宿,静安,7
360,012005,上海市向明中学,黄浦区,公办,市实验性示范性高中,无寄宿,静安,6
361,012008,上海市光明中学,黄浦区,公办,市实验性示范性高中,无寄宿,静安,2
362,012009,上海市敬业中学,黄浦区,公办,市实验性示范性高中,无寄宿,静安,2
363,042001,上海市第二中学,徐汇区,公办,市实验性示范性高中,无寄宿,静安,4
364,042008,上海市南洋模范中学,徐汇区,公办,市实验性示范性高中,部分寄宿,静安,10
365,042035,上海市位育中学,徐汇区,公办,市实验性示范性高中,全部寄宿,静安,3
366,043015,上海市南洋中学,徐汇区,公办,市实验性示范性高中,部分寄宿,静安,2
367,042036,复旦大学附属中学徐汇分校,徐汇区,公办,享受市实验性示范性高中招生政策高中,部分寄宿,静安,2
368,052001,上海市第三女子中学,长宁区,公办,市实验性示范性高中,部分寄宿,静安,5
369,052002,上海市延安中学,长宁区,公办,市实验性示范性高中,全部寄宿,静安,8
370,053004,上海市复旦中学,长宁区,公办,市实验性示范性高中,全部寄宿,静安,5
371,062001,上海市市西中学,静安区,公办,市实验性示范性高中,无寄宿,静安,7
372,062002,上海市育才中学,静安区,公办,市实验性示范性高中,全部寄宿,静安,7
373,062003,上海市新中高级中学,静安区,公办,市实验性示范性高中,部分寄宿,静安,7
374,062004,上海市市北中学,静安区,公办,市实验性示范性高中,无寄宿,静安,7
375,062011,上海市回民中学,静安区,公办,市实验性示范性高中,部分寄宿,静安,3
376,063004,上海市第六十中学,静安区,公办,市实验性示范性高中,无寄宿,静安,5
377,064001,上海市华东模范中学,静安区,公办,市实验性示范性高中,无寄宿,静安,4
378,072001,上海市晋元高级中学,普陀区,公办,市实验性示范性高中,全部寄宿,静安,5
379,072002,上海市曹杨第二中学,普陀区,公办,市实验性示范性高中,部分寄宿,静安,13
380,073003,上海市宜川中学,普陀区,公办,市实验性示范性高中,无寄宿,静安,7
381,073082,华东师范大学第二附属中学(普陀校区),普陀区,公办,享受市实验性示范性高中招生政策高中,部分寄宿,静安,4
382,092001,复旦大学附属复兴中学,虹口区,公办,市实验性示范性高中,部分寄宿,静安,12
383,092002,华东师范大学第一附属中学,虹口区,公办,市实验性示范性高中,部分寄宿,静安,4
384,093001,上海财经大学附属北郊高级中学,虹口区,公办,市实验性示范性高中,无寄宿,静安,4
385,102004,上海市杨浦高级中学,杨浦区,公办,市实验性示范性高中,部分寄宿,静安,4
386,102032,上海市控江中学,杨浦区,公办,市实验性示范性高中,部分寄宿,静安,10
387,103002,同济大学第一附属中学,杨浦区,公办,市实验性示范性高中,部分寄宿,静安,2
388,122001,上海市七宝中学,闵行区,公办,市实验性示范性高中,部分寄宿,静安,5
389,123001,上海市闵行中学,闵行区,公办,市实验性示范性高中,部分寄宿,静安,5
390,122002,华东师范大学第二附属中学闵行紫竹分校,闵行区,公办,享受市实验性示范性高中招生政策高中,部分寄宿,静安,5
391,122003,上海师范大学附属中学闵行分校,闵行区,公办,享受市实验性示范性高中招生政策高中,部分寄宿,静安,3
392,122004,上海交通大学附属中学闵行分校,闵行区,公办,享受市实验性示范性高中招生政策高中,部分寄宿,静安,6
393,132001,上海市行知中学,宝山区,公办,市实验性示范性高中,部分寄宿,静安,6
394,132002,上海大学附属中学,宝山区,公办,市实验性示范性高中,全部寄宿,静安,5
395,133001,上海市吴淞中学,宝山区,公办,市实验性示范性高中,部分寄宿,静安,5
396,132003,上海师范大学附属中学宝山分校,宝山区,公办,享受市实验性示范性高中招生政策高中,全部寄宿,静安,3
397,133003,华东师范大学第二附属中学(宝山校区),宝山区,公办,享受市实验性示范性高中招生政策高中,全部寄宿,静安,6
398,142001,上海市嘉定区第一中学,嘉定区,公办,市实验性示范性高中,部分寄宿,静安,6
399,142002,上海交通大学附属中学嘉定分校,嘉定区,公办,享受市实验性示范性高中招生政策高中,部分寄宿,静安,8
400,142004,上海师范大学附属中学嘉定新城分校,嘉定区,公办,享受市实验性示范性高中招生政策高中,部分寄宿,静安,1
401,152001,上海市建平中学,浦东新区,公办,市实验性示范性高中,部分寄宿,静安,9
402,152002,上海市进才中学,浦东新区,公办,市实验性示范性高中,部分寄宿,静安,7
403,152004,上海南汇中学,浦东新区,公办,市实验性示范性高中,部分寄宿,静安,8
404,153001,上海市洋泾中学,浦东新区,公办,市实验性示范性高中,部分寄宿,静安,9
405,153004,上海市高桥中学,浦东新区,公办,市实验性示范性高中,部分寄宿,静安,6
406,153005,上海市川沙中学,浦东新区,公办,市实验性示范性高中,部分寄宿,静安,9
407,151078,上海中学东校,浦东新区,公办,享受市实验性示范性高中招生政策高中,全部寄宿,静安,7
408,152005,上海市浦东复旦附中分校,浦东新区,公办,享受市实验性示范性高中招生政策高中,部分寄宿,静安,6
409,162000,上海市金山中学,金山区,公办,市实验性示范性高中,全部寄宿,静安,2
410,163002,华东师范大学第三附属中学,金山区,公办,市实验性示范性高中,全部寄宿,静安,3
411,172001,上海市松江二中,松江区,公办,市实验性示范性高中,部分寄宿,静安,2
412,173001,上海市松江一中,松江区,公办,市实验性示范性高中,部分寄宿,静安,2
413,174003,上海外国语大学附属外国语学校松江云间中学,松江区,公办,享受市实验性示范性高中招生政策高中,部分寄宿,静安,3
414,182001,上海市青浦高级中学,青浦区,公办,市实验性示范性高中,部分寄宿,静安,4
415,183002,上海市朱家角中学,青浦区,公办,市实验性示范性高中,部分寄宿,静安,5
416,182002,复旦大学附属中学青浦分校,青浦区,公办,享受市实验性示范性高中招生政策高中,全部寄宿,静安,5
417,202001,上海市奉贤中学,奉贤区,公办,市实验性示范性高中,全部寄宿,静安,2
418,202002,华东师范大学第二附属中学临港奉贤分校,奉贤区,公办,享受市实验性示范性高中招生政策高中,全部寄宿,静安,6
419,512000,上海市崇明中学,崇明区,公办,市实验性示范性高中,全部寄宿,静安,2
420,512001,上海市实验学校东滩高级中学,崇明区,公办,享受市实验性示范性高中招生政策高中,全部寄宿,静安,3
421,042032,上海市上海中学,上海市,公办,市实验性示范性高中,全部寄宿,闵行,55
422,102056,上海交通大学附属中学,上海市,公办,市实验性示范性高中,部分寄宿,闵行,36
423,102057,复旦大学附属中学,上海市,公办,市实验性示范性高中,部分寄宿,闵行,30
424,152003,华东师范大学第二附属中学,上海市,公办,市实验性示范性高中,部分寄宿,闵行,22
425,152006,上海师范大学附属中学,上海市,公办,市实验性示范性高中,部分寄宿,闵行,39
426,012001,上海市格致中学,黄浦区,公办,市实验性示范性高中,部分寄宿,闵行,6
427,012003,上海市大同中学,黄浦区,公办,市实验性示范性高中,部分寄宿,闵行,20
428,012007,上海外国语大学附属大境中学,黄浦区,公办,市实验性示范性高中,部分寄宿,闵行,15
429,012008,上海市光明中学,黄浦区,公办,市实验性示范性高中,无寄宿,闵行,11
430,012009,上海市敬业中学,黄浦区,公办,市实验性示范性高中,无寄宿,闵行,10
431,012010,上海市卢湾高级中学,黄浦区,公办,市实验性示范性高中,部分寄宿,闵行,20
432,012006,上海市向明中学(浦江校区),黄浦区,公办,享受市实验性示范性高中招生政策高中,全部寄宿,闵行,23
433,042008,上海市南洋模范中学,徐汇区,公办,市实验性示范性高中,部分寄宿,闵行,16
434,042035,上海市位育中学,徐汇区,公办,市实验性示范性高中,全部寄宿,闵行,33
435,043015,上海市南洋中学,徐汇区,公办,市实验性示范性高中,部分寄宿,闵行,20
436,042002,上海市第二中学(梅陇校区),徐汇区,公办,享受市实验性示范性高中招生政策高中,全部寄宿,闵行,13
437,042036,复旦大学附属中学徐汇分校,徐汇区,公办,享受市实验性示范性高中招生政策高中,部分寄宿,闵行,10
438,052001,上海市第三女子中学,长宁区,公办,市实验性示范性高中,部分寄宿,闵行,4
439,052002,上海市延安中学,长宁区,公办,市实验性示范性高中,全部寄宿,闵行,8
440,053004,上海市复旦中学,长宁区,公办,市实验性示范性高中,全部寄宿,闵行,7
441,062001,上海市市西中学,静安区,公办,市实验性示范性高中,无寄宿,闵行,5
442,062002,上海市育才中学,静安区,公办,市实验性示范性高中,全部寄宿,闵行,5
443,062003,上海市新中高级中学,静安区,公办,市实验性示范性高中,部分寄宿,闵行,2
444,062004,上海市市北中学,静安区,公办,市实验性示范性高中,无寄宿,闵行,7
445,062011,上海市回民中学,静安区,公办,市实验性示范性高中,部分寄宿,闵行,7
446,063004,上海市第六十中学,静安区,公办,市实验性示范性高中,无寄宿,闵行,2
447,064001,上海市华东模范中学,静安区,公办,市实验性示范性高中,无寄宿,闵行,2
448,072002,上海市曹杨第二中学,普陀区,公办,市实验性示范性高中,部分寄宿,闵行,6
449,073003,上海市宜川中学,普陀区,公办,市实验性示范性高中,无寄宿,闵行,4
450,092002,华东师范大学第一附属中学,虹口区,公办,市实验性示范性高中,部分寄宿,闵行,1
451,093001,上海财经大学附属北郊高级中学,虹口区,公办,市实验性示范性高中,无寄宿,闵行,4
452,102004,上海市杨浦高级中学,杨浦区,公办,市实验性示范性高中,部分寄宿,闵行,4
453,102032,上海市控江中学,杨浦区,公办,市实验性示范性高中,部分寄宿,闵行,7
454,103002,同济大学第一附属中学,杨浦区,公办,市实验性示范性高中,部分寄宿,闵行,1
455,122001,上海市七宝中学,闵行区,公办,市实验性示范性高中,部分寄宿,闵行,12
456,123001,上海市闵行中学,闵行区,公办,市实验性示范性高中,部分寄宿,闵行,12
457,122002,华东师范大学第二附属中学闵行紫竹分校,闵行区,公办,享受市实验性示范性高中招生政策高中,部分寄宿,闵行,7
458,122003,上海师范大学附属中学闵行分校,闵行区,公办,享受市实验性示范性高中招生政策高中,部分寄宿,闵行,9
459,122004,上海交通大学附属中学闵行分校,闵行区,公办,享受市实验性示范性高中招生政策高中,部分寄宿,闵行,7
460,132001,上海市行知中学,宝山区,公办,市实验性示范性高中,部分寄宿,闵行,7
461,132002,上海大学附属中学,宝山区,公办,市实验性示范性高中,全部寄宿,闵行,14
462,133001,上海市吴淞中学,宝山区,公办,市实验性示范性高中,部分寄宿,闵行,8
463,132003,上海师范大学附属中学宝山分校,宝山区,公办,享受市实验性示范性高中招生政策高中,全部寄宿,闵行,2
464,133003,华东师范大学第二附属中学(宝山校区),宝山区,公办,享受市实验性示范性高中招生政策高中,全部寄宿,闵行,5
465,142001,上海市嘉定区第一中学,嘉定区,公办,市实验性示范性高中,部分寄宿,闵行,8
466,142002,上海交通大学附属中学嘉定分校,嘉定区,公办,享受市实验性示范性高中招生政策高中,部分寄宿,闵行,8
467,142004,上海师范大学附属中学嘉定新城分校,嘉定区,公办,享受市实验性示范性高中招生政策高中,部分寄宿,闵行,2
468,152001,上海市建平中学,浦东新区,公办,市实验性示范性高中,部分寄宿,闵行,8
469,152002,上海市进才中学,浦东新区,公办,市实验性示范性高中,部分寄宿,闵行,8
470,152004,上海南汇中学,浦东新区,公办,市实验性示范性高中,部分寄宿,闵行,14
471,153001,上海市洋泾中学,浦东新区,公办,市实验性示范性高中,部分寄宿,闵行,10
472,153004,上海市高桥中学,浦东新区,公办,市实验性示范性高中,部分寄宿,闵行,6
473,153005,上海市川沙中学,浦东新区,公办,市实验性示范性高中,部分寄宿,闵行,8
474,151078,上海中学东校,浦东新区,公办,享受市实验性示范性高中招生政策高中,全部寄宿,闵行,16
475,152005,上海市浦东复旦附中分校,浦东新区,公办,享受市实验性示范性高中招生政策高中,部分寄宿,闵行,4
476,162000,上海市金山中学,金山区,公办,市实验性示范性高中,全部寄宿,闵行,14
477,163002,华东师范大学第三附属中学,金山区,公办,市实验性示范性高中,全部寄宿,闵行,10
478,172001,上海市松江二中,松江区,公办,市实验性示范性高中,部分寄宿,闵行,12
479,173001,上海市松江一中,松江区,公办,市实验性示范性高中,部分寄宿,闵行,7
480,172002,华东师范大学第二附属中学松江分校,松江区,公办,享受市实验性示范性高中招生政策高中,部分寄宿,闵行,5
481,172004,上海师范大学附属中学松江分校,松江区,公办,享受市实验性示范性高中招生政策高中,全部寄宿,闵行,10
482,174003,上海外国语大学附属外国语学校松江云间中学,松江区,公办,享受市实验性示范性高中招生政策高中,部分寄宿,闵行,16
483,182001,上海市青浦高级中学,青浦区,公办,市实验性示范性高中,部分寄宿,闵行,15
484,183002,上海市朱家角中学,青浦区,公办,市实验性示范性高中,部分寄宿,闵行,14
485,182002,复旦大学附属中学青浦分校,青浦区,公办,享受市实验性示范性高中招生政策高中,全部寄宿,闵行,5
486,202001,上海市奉贤中学,奉贤区,公办,市实验性示范性高中,全部寄宿,闵行,16
487,202002,华东师范大学第二附属中学临港奉贤分校,奉贤区,公办,享受市实验性示范性高中招生政策高中,全部寄宿,闵行,6
488,512000,上海市崇明中学,崇明区,公办,市实验性示范性高中,全部寄宿,闵行,8
489,042032,上海市上海中学,上海市,公办,市实验性示范性高中,全部寄宿,浦东,43
490,102056,上海交通大学附属中学,上海市,公办,市实验性示范性高中,部分寄宿,浦东,66
491,102057,复旦大学附属中学,上海市,公办,市实验性示范性高中,部分寄宿,浦东,42
492,152003,华东师范大学第二附属中学,上海市,公办,市实验性示范性高中,部分寄宿,浦东,132
493,152006,上海师范大学附属中学,上海市,公办,市实验性示范性高中,部分寄宿,浦东,105
494,155001,上海市实验学校,上海市,公办,市实验性示范性高中,部分寄宿,浦东,52
495,012001,上海市格致中学,黄浦区,公办,市实验性示范性高中,部分寄宿,浦东,25
496,012003,上海市大同中学,黄浦区,公办,市实验性示范性高中,部分寄宿,浦东,60
497,012005,上海市向明中学,黄浦区,公办,市实验性示范性高中,无寄宿,浦东,27
498,012007,上海外国语大学附属大境中学,黄浦区,公办,市实验性示范性高中,部分寄宿,浦东,59
499,012008,上海市光明中学,黄浦区,公办,市实验性示范性高中,无寄宿,浦东,46
500,012009,上海市敬业中学,黄浦区,公办,市实验性示范性高中,无寄宿,浦东,45
501,012010,上海市卢湾高级中学,黄浦区,公办,市实验性示范性高中,部分寄宿,浦东,35
502,042001,上海市第二中学,徐汇区,公办,市实验性示范性高中,无寄宿,浦东,3
503,042008,上海市南洋模范中学,徐汇区,公办,市实验性示范性高中,部分寄宿,浦东,9
504,042035,上海市位育中学,徐汇区,公办,市实验性示范性高中,全部寄宿,浦东,14
505,043015,上海市南洋中学,徐汇区,公办,市实验性示范性高中,部分寄宿,浦东,20
506,042036,复旦大学附属中学徐汇分校,徐汇区,公办,享受市实验性示范性高中招生政策高中,部分寄宿,浦东,6
507,052001,上海市第三女子中学,长宁区,公办,市实验性示范性高中,部分寄宿,浦东,9
508,052002,上海市延安中学,长宁区,公办,市实验性示范性高中,全部寄宿,浦东,10
509,053004,上海市复旦中学,长宁区,公办,市实验性示范性高中,全部寄宿,浦东,8
510,062001,上海市市西中学,静安区,公办,市实验性示范性高中,无寄宿,浦东,15
511,062002,上海市育才中学,静安区,公办,市实验性示范性高中,全部寄宿,浦东,13
512,062003,上海市新中高级中学,静安区,公办,市实验性示范性高中,部分寄宿,浦东,5
513,062004,上海市市北中学,静安区,公办,市实验性示范性高中,无寄宿,浦东,20
514,062011,上海市回民中学,静安区,公办,市实验性示范性高中,部分寄宿,浦东,10
515,063004,上海市第六十中学,静安区,公办,市实验性示范性高中,无寄宿,浦东,13
516,064001,上海市华东模范中学,静安区,公办,市实验性示范性高中,无寄宿,浦东,13
517,072001,上海市晋元高级中学,普陀区,公办,市实验性示范性高中,全部寄宿,浦东,7
518,072002,上海市曹杨第二中学,普陀区,公办,市实验性示范性高中,部分寄宿,浦东,16
519,073003,上海市宜川中学,普陀区,公办,市实验性示范性高中,无寄宿,浦东,7
520,092001,复旦大学附属复兴中学,虹口区,公办,市实验性示范性高中,部分寄宿,浦东,15
521,092002,华东师范大学第一附属中学,虹口区,公办,市实验性示范性高中,部分寄宿,浦东,19
522,093001,上海财经大学附属北郊高级中学,虹口区,公办,市实验性示范性高中,无寄宿,浦东,15
523,102004,上海市杨浦高级中学,杨浦区,公办,市实验性示范性高中,部分寄宿,浦东,33
524,102032,上海市控江中学,杨浦区,公办,市实验性示范性高中,部分寄宿,浦东,22
525,103002,同济大学第一附属中学,杨浦区,公办,市实验性示范性高中,部分寄宿,浦东,48
526,122001,上海市七宝中学,闵行区,公办,市实验性示范性高中,部分寄宿,浦东,22
527,123001,上海市闵行中学,闵行区,公办,市实验性示范性高中,部分寄宿,浦东,28
528,122002,华东师范大学第二附属中学闵行紫竹分校,闵行区,公办,享受市实验性示范性高中招生政策高中,部分寄宿,浦东,18
529,122003,上海师范大学附属中学闵行分校,闵行区,公办,享受市实验性示范性高中招生政策高中,部分寄宿,浦东,15
530,122004,上海交通大学附属中学闵行分校,闵行区,公办,享受市实验性示范性高中招生政策高中,部分寄宿,浦东,20
531,132001,上海市行知中学,宝山区,公办,市实验性示范性高中,部分寄宿,浦东,20
532,132002,上海大学附属中学,宝山区,公办,市实验性示范性高中,全部寄宿,浦东,22
533,133001,上海市吴淞中学,宝山区,公办,市实验性示范性高中,部分寄宿,浦东,24
534,132003,上海师范大学附属中学宝山分校,宝山区,公办,享受市实验性示范性高中招生政策高中,全部寄宿,浦东,4
535,133003,华东师范大学第二附属中学(宝山校区),宝山区,公办,享受市实验性示范性高中招生政策高中,全部寄宿,浦东,6
536,142001,上海市嘉定区第一中学,嘉定区,公办,市实验性示范性高中,部分寄宿,浦东,10
537,142002,上海交通大学附属中学嘉定分校,嘉定区,公办,享受市实验性示范性高中招生政策高中,部分寄宿,浦东,10
538,142004,上海师范大学附属中学嘉定新城分校,嘉定区,公办,享受市实验性示范性高中招生政策高中,部分寄宿,浦东,5
539,152001,上海市建平中学,浦东新区,公办,市实验性示范性高中,部分寄宿,浦东,11
540,152002,上海市进才中学,浦东新区,公办,市实验性示范性高中,部分寄宿,浦东,11
541,152004,上海南汇中学,浦东新区,公办,市实验性示范性高中,部分寄宿,浦东,14
542,153001,上海市洋泾中学,浦东新区,公办,市实验性示范性高中,部分寄宿,浦东,11
543,153004,上海市高桥中学,浦东新区,公办,市实验性示范性高中,部分寄宿,浦东,10
544,153005,上海市川沙中学,浦东新区,公办,市实验性示范性高中,部分寄宿,浦东,9
545,151078,上海中学东校,浦东新区,公办,享受市实验性示范性高中招生政策高中,全部寄宿,浦东,14
546,152005,上海市浦东复旦附中分校,浦东新区,公办,享受市实验性示范性高中招生政策高中,部分寄宿,浦东,6
547,162000,上海市金山中学,金山区,公办,市实验性示范性高中,全部寄宿,浦东,12
548,163002,华东师范大学第三附属中学,金山区,公办,市实验性示范性高中,全部寄宿,浦东,13
549,172001,上海市松江二中,松江区,公办,市实验性示范性高中,部分寄宿,浦东,11
550,173001,上海市松江一中,松江区,公办,市实验性示范性高中,部分寄宿,浦东,8
551,172002,华东师范大学第二附属中学松江分校,松江区,公办,享受市实验性示范性高中招生政策高中,部分寄宿,浦东,16
552,172004,上海师范大学附属中学松江分校,松江区,公办,享受市实验性示范性高中招生政策高中,全部寄宿,浦东,2
553,174003,上海外国语大学附属外国语学校松江云间中学,松江区,公办,享受市实验性示范性高中招生政策高中,部分寄宿,浦东,13
554,182001,上海市青浦高级中学,青浦区,公办,市实验性示范性高中,部分寄宿,浦东,12
555,183002,上海市朱家角中学,青浦区,公办,市实验性示范性高中,部分寄宿,浦东,13
556,182002,复旦大学附属中学青浦分校,青浦区,公办,享受市实验性示范性高中招生政策高中,全部寄宿,浦东,5
557,202001,上海市奉贤中学,奉贤区,公办,市实验性示范性高中,全部寄宿,浦东,20
558,202002,华东师范大学第二附属中学临港奉贤分校,奉贤区,公办,享受市实验性示范性高中招生政策高中,全部寄宿,浦东,10
559,512000,上海市崇明中学,崇明区,公办,市实验性示范性高中,全部寄宿,浦东,8
560,512001,上海市实验学校东滩高级中学,崇明区,公办,享受市实验性示范性高中招生政策高中,全部寄宿,浦东,16
561,042032,上海市上海中学,上海市,公办,市实验性示范性高中,全部寄宿,普陀,10
562,102056,上海交通大学附属中学,上海市,公办,市实验性示范性高中,部分寄宿,普陀,22
563,102057,复旦大学附属中学,上海市,公办,市实验性示范性高中,部分寄宿,普陀,14
564,152003,华东师范大学第二附属中学,上海市,公办,市实验性示范性高中,部分寄宿,普陀,8
565,152006,上海师范大学附属中学,上海市,公办,市实验性示范性高中,部分寄宿,普陀,2
566,012001,上海市格致中学,黄浦区,公办,市实验性示范性高中,部分寄宿,普陀,10
567,012003,上海市大同中学,黄浦区,公办,市实验性示范性高中,部分寄宿,普陀,6
568,012005,上海市向明中学,黄浦区,公办,市实验性示范性高中,无寄宿,普陀,6
569,012007,上海外国语大学附属大境中学,黄浦区,公办,市实验性示范性高中,部分寄宿,普陀,2
570,012008,上海市光明中学,黄浦区,公办,市实验性示范性高中,无寄宿,普陀,3
571,012009,上海市敬业中学,黄浦区,公办,市实验性示范性高中,无寄宿,普陀,5
572,042001,上海市第二中学,徐汇区,公办,市实验性示范性高中,无寄宿,普陀,5
573,042008,上海市南洋模范中学,徐汇区,公办,市实验性示范性高中,部分寄宿,普陀,6
574,042035,上海市位育中学,徐汇区,公办,市实验性示范性高中,全部寄宿,普陀,3
575,043015,上海市南洋中学,徐汇区,公办,市实验性示范性高中,部分寄宿,普陀,2
576,042036,复旦大学附属中学徐汇分校,徐汇区,公办,享受市实验性示范性高中招生政策高中,部分寄宿,普陀,4
577,052001,上海市第三女子中学,长宁区,公办,市实验性示范性高中,部分寄宿,普陀,5
578,052002,上海市延安中学,长宁区,公办,市实验性示范性高中,全部寄宿,普陀,9
579,053004,上海市复旦中学,长宁区,公办,市实验性示范性高中,全部寄宿,普陀,6
580,062001,上海市市西中学,静安区,公办,市实验性示范性高中,无寄宿,普陀,12
581,062002,上海市育才中学,静安区,公办,市实验性示范性高中,全部寄宿,普陀,5
582,062003,上海市新中高级中学,静安区,公办,市实验性示范性高中,部分寄宿,普陀,5
583,062004,上海市市北中学,静安区,公办,市实验性示范性高中,无寄宿,普陀,7
584,062011,上海市回民中学,静安区,公办,市实验性示范性高中,部分寄宿,普陀,7
585,063004,上海市第六十中学,静安区,公办,市实验性示范性高中,无寄宿,普陀,6
586,064001,上海市华东模范中学,静安区,公办,市实验性示范性高中,无寄宿,普陀,4
587,072001,上海市晋元高级中学,普陀区,公办,市实验性示范性高中,全部寄宿,普陀,8
588,072002,上海市曹杨第二中学,普陀区,公办,市实验性示范性高中,部分寄宿,普陀,8
589,073003,上海市宜川中学,普陀区,公办,市实验性示范性高中,无寄宿,普陀,9
590,073082,华东师范大学第二附属中学(普陀校区),普陀区,公办,享受市实验性示范性高中招生政策高中,部分寄宿,普陀,3
591,092001,复旦大学附属复兴中学,虹口区,公办,市实验性示范性高中,部分寄宿,普陀,6
592,092002,华东师范大学第一附属中学,虹口区,公办,市实验性示范性高中,部分寄宿,普陀,4
593,093001,上海财经大学附属北郊高级中学,虹口区,公办,市实验性示范性高中,无寄宿,普陀,2
594,102004,上海市杨浦高级中学,杨浦区,公办,市实验性示范性高中,部分寄宿,普陀,4
595,102032,上海市控江中学,杨浦区,公办,市实验性示范性高中,部分寄宿,普陀,7
596,103002,同济大学第一附属中学,杨浦区,公办,市实验性示范性高中,部分寄宿,普陀,1
597,122001,上海市七宝中学,闵行区,公办,市实验性示范性高中,部分寄宿,普陀,6
598,123001,上海市闵行中学,闵行区,公办,市实验性示范性高中,部分寄宿,普陀,5
599,122002,华东师范大学第二附属中学闵行紫竹分校,闵行区,公办,享受市实验性示范性高中招生政策高中,部分寄宿,普陀,4
600,122003,上海师范大学附属中学闵行分校,闵行区,公办,享受市实验性示范性高中招生政策高中,部分寄宿,普陀,2
601,122004,上海交通大学附属中学闵行分校,闵行区,公办,享受市实验性示范性高中招生政策高中,部分寄宿,普陀,3
602,132001,上海市行知中学,宝山区,公办,市实验性示范性高中,部分寄宿,普陀,7
603,132002,上海大学附属中学,宝山区,公办,市实验性示范性高中,全部寄宿,普陀,9
604,133001,上海市吴淞中学,宝山区,公办,市实验性示范性高中,部分寄宿,普陀,6
605,132003,上海师范大学附属中学宝山分校,宝山区,公办,享受市实验性示范性高中招生政策高中,全部寄宿,普陀,4
606,142001,上海市嘉定区第一中学,嘉定区,公办,市实验性示范性高中,部分寄宿,普陀,6
607,142002,上海交通大学附属中学嘉定分校,嘉定区,公办,享受市实验性示范性高中招生政策高中,部分寄宿,普陀,12
608,142004,上海师范大学附属中学嘉定新城分校,嘉定区,公办,享受市实验性示范性高中招生政策高中,部分寄宿,普陀,3
609,152001,上海市建平中学,浦东新区,公办,市实验性示范性高中,部分寄宿,普陀,5
610,152002,上海市进才中学,浦东新区,公办,市实验性示范性高中,部分寄宿,普陀,5
611,152004,上海南汇中学,浦东新区,公办,市实验性示范性高中,部分寄宿,普陀,8
612,153001,上海市洋泾中学,浦东新区,公办,市实验性示范性高中,部分寄宿,普陀,9
613,153004,上海市高桥中学,浦东新区,公办,市实验性示范性高中,部分寄宿,普陀,4
614,153005,上海市川沙中学,浦东新区,公办,市实验性示范性高中,部分寄宿,普陀,8
615,152005,上海市浦东复旦附中分校,浦东新区,公办,享受市实验性示范性高中招生政策高中,部分寄宿,普陀,5
616,162000,上海市金山中学,金山区,公办,市实验性示范性高中,全部寄宿,普陀,4
617,163002,华东师范大学第三附属中学,金山区,公办,市实验性示范性高中,全部寄宿,普陀,3
618,172001,上海市松江二中,松江区,公办,市实验性示范性高中,部分寄宿,普陀,3
619,173001,上海市松江一中,松江区,公办,市实验性示范性高中,部分寄宿,普陀,5
620,174003,上海外国语大学附属外国语学校松江云间中学,松江区,公办,享受市实验性示范性高中招生政策高中,部分寄宿,普陀,1
621,182001,上海市青浦高级中学,青浦区,公办,市实验性示范性高中,部分寄宿,普陀,3
622,183002,上海市朱家角中学,青浦区,公办,市实验性示范性高中,部分寄宿,普陀,4
623,182002,复旦大学附属中学青浦分校,青浦区,公办,享受市实验性示范性高中招生政策高中,全部寄宿,普陀,3
624,202001,上海市奉贤中学,奉贤区,公办,市实验性示范性高中,全部寄宿,普陀,2
625,512000,上海市崇明中学,崇明区,公办,市实验性示范性高中,全部寄宿,普陀,2
626,042032,上海市上海中学,上海市,公办,市实验性示范性高中,全部寄宿,青浦,4
627,102056,上海交通大学附属中学,上海市,公办,市实验性示范性高中,部分寄宿,青浦,7
628,102057,复旦大学附属中学,上海市,公办,市实验性示范性高中,部分寄宿,青浦,4
629,152003,华东师范大学第二附属中学,上海市,公办,市实验性示范性高中,部分寄宿,青浦,5
630,152006,上海师范大学附属中学,上海市,公办,市实验性示范性高中,部分寄宿,青浦,2
631,012003,上海市大同中学,黄浦区,公办,市实验性示范性高中,部分寄宿,青浦,2
632,042001,上海市第二中学,徐汇区,公办,市实验性示范性高中,无寄宿,青浦,2
633,042008,上海市南洋模范中学,徐汇区,公办,市实验性示范性高中,部分寄宿,青浦,4
634,042035,上海市位育中学,徐汇区,公办,市实验性示范性高中,全部寄宿,青浦,2
635,043015,上海市南洋中学,徐汇区,公办,市实验性示范性高中,部分寄宿,青浦,2
636,052001,上海市第三女子中学,长宁区,公办,市实验性示范性高中,部分寄宿,青浦,2
637,052002,上海市延安中学,长宁区,公办,市实验性示范性高中,全部寄宿,青浦,3
638,053004,上海市复旦中学,长宁区,公办,市实验性示范性高中,全部寄宿,青浦,2
639,062002,上海市育才中学,静安区,公办,市实验性示范性高中,全部寄宿,青浦,3
640,062003,上海市新中高级中学,静安区,公办,市实验性示范性高中,部分寄宿,青浦,2
641,062011,上海市回民中学,静安区,公办,市实验性示范性高中,部分寄宿,青浦,1
642,072001,上海市晋元高级中学,普陀区,公办,市实验性示范性高中,全部寄宿,青浦,1
643,072002,上海市曹杨第二中学,普陀区,公办,市实验性示范性高中,部分寄宿,青浦,3
644,073003,上海市宜川中学,普陀区,公办,市实验性示范性高中,无寄宿,青浦,3
645,092002,华东师范大学第一附属中学,虹口区,公办,市实验性示范性高中,部分寄宿,青浦,3
646,102004,上海市杨浦高级中学,杨浦区,公办,市实验性示范性高中,部分寄宿,青浦,2
647,102032,上海市控江中学,杨浦区,公办,市实验性示范性高中,部分寄宿,青浦,1
648,122001,上海市七宝中学,闵行区,公办,市实验性示范性高中,部分寄宿,青浦,8
649,123001,上海市闵行中学,闵行区,公办,市实验性示范性高中,部分寄宿,青浦,6
650,122003,上海师范大学附属中学闵行分校,闵行区,公办,享受市实验性示范性高中招生政策高中,部分寄宿,青浦,4
651,122004,上海交通大学附属中学闵行分校,闵行区,公办,享受市实验性示范性高中招生政策高中,部分寄宿,青浦,3
652,132001,上海市行知中学,宝山区,公办,市实验性示范性高中,部分寄宿,青浦,5
653,132002,上海大学附属中学,宝山区,公办,市实验性示范性高中,全部寄宿,青浦,2
654,133001,上海市吴淞中学,宝山区,公办,市实验性示范性高中,部分寄宿,青浦,3
655,133003,华东师范大学第二附属中学(宝山校区),宝山区,公办,享受市实验性示范性高中招生政策高中,全部寄宿,青浦,2
656,142001,上海市嘉定区第一中学,嘉定区,公办,市实验性示范性高中,部分寄宿,青浦,5
657,142002,上海交通大学附属中学嘉定分校,嘉定区,公办,享受市实验性示范性高中招生政策高中,部分寄宿,青浦,2
658,142004,上海师范大学附属中学嘉定新城分校,嘉定区,公办,享受市实验性示范性高中招生政策高中,部分寄宿,青浦,4
659,152001,上海市建平中学,浦东新区,公办,市实验性示范性高中,部分寄宿,青浦,2
660,152002,上海市进才中学,浦东新区,公办,市实验性示范性高中,部分寄宿,青浦,5
661,152004,上海南汇中学,浦东新区,公办,市实验性示范性高中,部分寄宿,青浦,5
662,153001,上海市洋泾中学,浦东新区,公办,市实验性示范性高中,部分寄宿,青浦,5
663,153004,上海市高桥中学,浦东新区,公办,市实验性示范性高中,部分寄宿,青浦,6
664,153005,上海市川沙中学,浦东新区,公办,市实验性示范性高中,部分寄宿,青浦,3
665,162000,上海市金山中学,金山区,公办,市实验性示范性高中,全部寄宿,青浦,5
666,163002,华东师范大学第三附属中学,金山区,公办,市实验性示范性高中,全部寄宿,青浦,3
667,172001,上海市松江二中,松江区,公办,市实验性示范性高中,部分寄宿,青浦,11
668,173001,上海市松江一中,松江区,公办,市实验性示范性高中,部分寄宿,青浦,8
669,174003,上海外国语大学附属外国语学校松江云间中学,松江区,公办,享受市实验性示范性高中招生政策高中,部分寄宿,青浦,10
670,182001,上海市青浦高级中学,青浦区,公办,市实验性示范性高中,部分寄宿,青浦,12
671,183002,上海市朱家角中学,青浦区,公办,市实验性示范性高中,部分寄宿,青浦,13
672,182002,复旦大学附属中学青浦分校,青浦区,公办,享受市实验性示范性高中招生政策高中,全部寄宿,青浦,2
673,202001,上海市奉贤中学,奉贤区,公办,市实验性示范性高中,全部寄宿,青浦,3
674,512000,上海市崇明中学,崇明区,公办,市实验性示范性高中,全部寄宿,青浦,2
675,042032,上海市上海中学,上海市,公办,市实验性示范性高中,全部寄宿,松江,10
676,102056,上海交通大学附属中学,上海市,公办,市实验性示范性高中,部分寄宿,松江,15
677,102057,复旦大学附属中学,上海市,公办,市实验性示范性高中,部分寄宿,松江,10
678,152003,华东师范大学第二附属中学,上海市,公办,市实验性示范性高中,部分寄宿,松江,8
679,152006,上海师范大学附属中学,上海市,公办,市实验性示范性高中,部分寄宿,松江,9
680,012001,上海市格致中学,黄浦区,公办,市实验性示范性高中,部分寄宿,松江,9
681,012003,上海市大同中学,黄浦区,公办,市实验性示范性高中,部分寄宿,松江,8
682,012008,上海市光明中学,黄浦区,公办,市实验性示范性高中,无寄宿,松江,5
683,012009,上海市敬业中学,黄浦区,公办,市实验性示范性高中,无寄宿,松江,3
684,012010,上海市卢湾高级中学,黄浦区,公办,市实验性示范性高中,部分寄宿,松江,15
685,042001,上海市第二中学,徐汇区,公办,市实验性示范性高中,无寄宿,松江,3
686,042008,上海市南洋模范中学,徐汇区,公办,市实验性示范性高中,部分寄宿,松江,5
687,042035,上海市位育中学,徐汇区,公办,市实验性示范性高中,全部寄宿,松江,4
688,043015,上海市南洋中学,徐汇区,公办,市实验性示范性高中,部分寄宿,松江,6
689,042036,复旦大学附属中学徐汇分校,徐汇区,公办,享受市实验性示范性高中招生政策高中,部分寄宿,松江,2
690,052001,上海市第三女子中学,长宁区,公办,市实验性示范性高中,部分寄宿,松江,3
691,052002,上海市延安中学,长宁区,公办,市实验性示范性高中,全部寄宿,松江,3
692,053004,上海市复旦中学,长宁区,公办,市实验性示范性高中,全部寄宿,松江,2
693,062002,上海市育才中学,静安区,公办,市实验性示范性高中,全部寄宿,松江,3
694,062011,上海市回民中学,静安区,公办,市实验性示范性高中,部分寄宿,松江,1
695,064001,上海市华东模范中学,静安区,公办,市实验性示范性高中,无寄宿,松江,1
696,072001,上海市晋元高级中学,普陀区,公办,市实验性示范性高中,全部寄宿,松江,10
697,072002,上海市曹杨第二中学,普陀区,公办,市实验性示范性高中,部分寄宿,松江,2
698,073003,上海市宜川中学,普陀区,公办,市实验性示范性高中,无寄宿,松江,4
699,092002,华东师范大学第一附属中学,虹口区,公办,市实验性示范性高中,部分寄宿,松江,6
700,093001,上海财经大学附属北郊高级中学,虹口区,公办,市实验性示范性高中,无寄宿,松江,2
701,102004,上海市杨浦高级中学,杨浦区,公办,市实验性示范性高中,部分寄宿,松江,6
702,102032,上海市控江中学,杨浦区,公办,市实验性示范性高中,部分寄宿,松江,1
703,122001,上海市七宝中学,闵行区,公办,市实验性示范性高中,部分寄宿,松江,16
704,123001,上海市闵行中学,闵行区,公办,市实验性示范性高中,部分寄宿,松江,11
705,122003,上海师范大学附属中学闵行分校,闵行区,公办,享受市实验性示范性高中招生政策高中,部分寄宿,松江,11
706,122004,上海交通大学附属中学闵行分校,闵行区,公办,享受市实验性示范性高中招生政策高中,部分寄宿,松江,4
707,132001,上海市行知中学,宝山区,公办,市实验性示范性高中,部分寄宿,松江,1
708,132002,上海大学附属中学,宝山区,公办,市实验性示范性高中,全部寄宿,松江,2
709,133001,上海市吴淞中学,宝山区,公办,市实验性示范性高中,部分寄宿,松江,7
710,142001,上海市嘉定区第一中学,嘉定区,公办,市实验性示范性高中,部分寄宿,松江,3
711,142002,上海交通大学附属中学嘉定分校,嘉定区,公办,享受市实验性示范性高中招生政策高中,部分寄宿,松江,2
712,142004,上海师范大学附属中学嘉定新城分校,嘉定区,公办,享受市实验性示范性高中招生政策高中,部分寄宿,松江,3
713,152001,上海市建平中学,浦东新区,公办,市实验性示范性高中,部分寄宿,松江,5
714,152002,上海市进才中学,浦东新区,公办,市实验性示范性高中,部分寄宿,松江,10
715,152004,上海南汇中学,浦东新区,公办,市实验性示范性高中,部分寄宿,松江,7
716,153001,上海市洋泾中学,浦东新区,公办,市实验性示范性高中,部分寄宿,松江,8
717,153004,上海市高桥中学,浦东新区,公办,市实验性示范性高中,部分寄宿,松江,10
718,153005,上海市川沙中学,浦东新区,公办,市实验性示范性高中,部分寄宿,松江,3
719,151078,上海中学东校,浦东新区,公办,享受市实验性示范性高中招生政策高中,全部寄宿,松江,7
720,162000,上海市金山中学,金山区,公办,市实验性示范性高中,全部寄宿,松江,12
721,163002,华东师范大学第三附属中学,金山区,公办,市实验性示范性高中,全部寄宿,松江,7
722,172001,上海市松江二中,松江区,公办,市实验性示范性高中,部分寄宿,松江,8
723,173001,上海市松江一中,松江区,公办,市实验性示范性高中,部分寄宿,松江,8
724,172002,华东师范大学第二附属中学松江分校,松江区,公办,享受市实验性示范性高中招生政策高中,部分寄宿,松江,3
725,172004,上海师范大学附属中学松江分校,松江区,公办,享受市实验性示范性高中招生政策高中,全部寄宿,松江,1
726,174003,上海外国语大学附属外国语学校松江云间中学,松江区,公办,享受市实验性示范性高中招生政策高中,部分寄宿,松江,8
727,182001,上海市青浦高级中学,青浦区,公办,市实验性示范性高中,部分寄宿,松江,16
728,183002,上海市朱家角中学,青浦区,公办,市实验性示范性高中,部分寄宿,松江,13
729,182002,复旦大学附属中学青浦分校,青浦区,公办,享受市实验性示范性高中招生政策高中,全部寄宿,松江,6
730,202001,上海市奉贤中学,奉贤区,公办,市实验性示范性高中,全部寄宿,松江,8
731,512000,上海市崇明中学,崇明区,公办,市实验性示范性高中,全部寄宿,松江,6
732,042032,上海市上海中学,上海市,公办,市实验性示范性高中,全部寄宿,徐汇,92
733,102056,上海交通大学附属中学,上海市,公办,市实验性示范性高中,部分寄宿,徐汇,21
734,102057,复旦大学附属中学,上海市,公办,市实验性示范性高中,部分寄宿,徐汇,17
735,152003,华东师范大学第二附属中学,上海市,公办,市实验性示范性高中,部分寄宿,徐汇,17
736,152006,上海师范大学附属中学,上海市,公办,市实验性示范性高中,部分寄宿,徐汇,20
737,012001,上海市格致中学,黄浦区,公办,市实验性示范性高中,部分寄宿,徐汇,4
738,012003,上海市大同中学,黄浦区,公办,市实验性示范性高中,部分寄宿,徐汇,15
739,012005,上海市向明中学,黄浦区,公办,市实验性示范性高中,无寄宿,徐汇,8
740,012007,上海外国语大学附属大境中学,黄浦区,公办,市实验性示范性高中,部分寄宿,徐汇,8
741,012008,上海市光明中学,黄浦区,公办,市实验性示范性高中,无寄宿,徐汇,3
742,012009,上海市敬业中学,黄浦区,公办,市实验性示范性高中,无寄宿,徐汇,3
743,012010,上海市卢湾高级中学,黄浦区,公办,市实验性示范性高中,部分寄宿,徐汇,13
744,042001,上海市第二中学,徐汇区,公办,市实验性示范性高中,无寄宿,徐汇,7
745,042008,上海市南洋模范中学,徐汇区,公办,市实验性示范性高中,部分寄宿,徐汇,9
746,042035,上海市位育中学,徐汇区,公办,市实验性示范性高中,全部寄宿,徐汇,9
747,043015,上海市南洋中学,徐汇区,公办,市实验性示范性高中,部分寄宿,徐汇,8
748,042002,上海市第二中学(梅陇校区),徐汇区,公办,享受市实验性示范性高中招生政策高中,全部寄宿,徐汇,40
749,042036,复旦大学附属中学徐汇分校,徐汇区,公办,享受市实验性示范性高中招生政策高中,部分寄宿,徐汇,3
750,052001,上海市第三女子中学,长宁区,公办,市实验性示范性高中,部分寄宿,徐汇,2
751,052002,上海市延安中学,长宁区,公办,市实验性示范性高中,全部寄宿,徐汇,7
752,053004,上海市复旦中学,长宁区,公办,市实验性示范性高中,全部寄宿,徐汇,3
753,062001,上海市市西中学,静安区,公办,市实验性示范性高中,无寄宿,徐汇,8
754,062002,上海市育才中学,静安区,公办,市实验性示范性高中,全部寄宿,徐汇,4
755,062003,上海市新中高级中学,静安区,公办,市实验性示范性高中,部分寄宿,徐汇,2
756,062004,上海市市北中学,静安区,公办,市实验性示范性高中,无寄宿,徐汇,2
757,062011,上海市回民中学,静安区,公办,市实验性示范性高中,部分寄宿,徐汇,3
758,063004,上海市第六十中学,静安区,公办,市实验性示范性高中,无寄宿,徐汇,2
759,064001,上海市华东模范中学,静安区,公办,市实验性示范性高中,无寄宿,徐汇,5
760,072002,上海市曹杨第二中学,普陀区,公办,市实验性示范性高中,部分寄宿,徐汇,3
761,073003,上海市宜川中学,普陀区,公办,市实验性示范性高中,无寄宿,徐汇,6
762,073082,华东师范大学第二附属中学(普陀校区),普陀区,公办,享受市实验性示范性高中招生政策高中,部分寄宿,徐汇,4
763,093001,上海财经大学附属北郊高级中学,虹口区,公办,市实验性示范性高中,无寄宿,徐汇,2
764,102004,上海市杨浦高级中学,杨浦区,公办,市实验性示范性高中,部分寄宿,徐汇,3
765,102032,上海市控江中学,杨浦区,公办,市实验性示范性高中,部分寄宿,徐汇,8
766,122001,上海市七宝中学,闵行区,公办,市实验性示范性高中,部分寄宿,徐汇,16
767,123001,上海市闵行中学,闵行区,公办,市实验性示范性高中,部分寄宿,徐汇,8
768,122002,华东师范大学第二附属中学闵行紫竹分校,闵行区,公办,享受市实验性示范性高中招生政策高中,部分寄宿,徐汇,15
769,122003,上海师范大学附属中学闵行分校,闵行区,公办,享受市实验性示范性高中招生政策高中,部分寄宿,徐汇,9
770,122004,上海交通大学附属中学闵行分校,闵行区,公办,享受市实验性示范性高中招生政策高中,部分寄宿,徐汇,14
771,132002,上海大学附属中学,宝山区,公办,市实验性示范性高中,全部寄宿,徐汇,2
772,133001,上海市吴淞中学,宝山区,公办,市实验性示范性高中,部分寄宿,徐汇,1
773,132003,上海师范大学附属中学宝山分校,宝山区,公办,享受市实验性示范性高中招生政策高中,全部寄宿,徐汇,2
774,133003,华东师范大学第二附属中学(宝山校区),宝山区,公办,享受市实验性示范性高中招生政策高中,全部寄宿,徐汇,3
775,142001,上海市嘉定区第一中学,嘉定区,公办,市实验性示范性高中,部分寄宿,徐汇,4
776,142002,上海交通大学附属中学嘉定分校,嘉定区,公办,享受市实验性示范性高中招生政策高中,部分寄宿,徐汇,8
777,142004,上海师范大学附属中学嘉定新城分校,嘉定区,公办,享受市实验性示范性高中招生政策高中,部分寄宿,徐汇,2
778,152001,上海市建平中学,浦东新区,公办,市实验性示范性高中,部分寄宿,徐汇,7
779,152002,上海市进才中学,浦东新区,公办,市实验性示范性高中,部分寄宿,徐汇,7
780,152004,上海南汇中学,浦东新区,公办,市实验性示范性高中,部分寄宿,徐汇,7
781,153001,上海市洋泾中学,浦东新区,公办,市实验性示范性高中,部分寄宿,徐汇,6
782,153004,上海市高桥中学,浦东新区,公办,市实验性示范性高中,部分寄宿,徐汇,4
783,153005,上海市川沙中学,浦东新区,公办,市实验性示范性高中,部分寄宿,徐汇,6
784,151078,上海中学东校,浦东新区,公办,享受市实验性示范性高中招生政策高中,全部寄宿,徐汇,12
785,152005,上海市浦东复旦附中分校,浦东新区,公办,享受市实验性示范性高中招生政策高中,部分寄宿,徐汇,4
786,162000,上海市金山中学,金山区,公办,市实验性示范性高中,全部寄宿,徐汇,8
787,163002,华东师范大学第三附属中学,金山区,公办,市实验性示范性高中,全部寄宿,徐汇,5
788,172001,上海市松江二中,松江区,公办,市实验性示范性高中,部分寄宿,徐汇,7
789,173001,上海市松江一中,松江区,公办,市实验性示范性高中,部分寄宿,徐汇,5
790,172002,华东师范大学第二附属中学松江分校,松江区,公办,享受市实验性示范性高中招生政策高中,部分寄宿,徐汇,3
791,172004,上海师范大学附属中学松江分校,松江区,公办,享受市实验性示范性高中招生政策高中,全部寄宿,徐汇,5
792,174003,上海外国语大学附属外国语学校松江云间中学,松江区,公办,享受市实验性示范性高中招生政策高中,部分寄宿,徐汇,5
793,182001,上海市青浦高级中学,青浦区,公办,市实验性示范性高中,部分寄宿,徐汇,4
794,183002,上海市朱家角中学,青浦区,公办,市实验性示范性高中,部分寄宿,徐汇,4
795,182002,复旦大学附属中学青浦分校,青浦区,公办,享受市实验性示范性高中招生政策高中,全部寄宿,徐汇,3
796,202001,上海市奉贤中学,奉贤区,公办,市实验性示范性高中,全部寄宿,徐汇,2
797,202002,华东师范大学第二附属中学临港奉贤分校,奉贤区,公办,享受市实验性示范性高中招生政策高中,全部寄宿,徐汇,7
798,512000,上海市崇明中学,崇明区,公办,市实验性示范性高中,全部寄宿,徐汇,2
799,042032,上海市上海中学,上海市,公办,市实验性示范性高中,全部寄宿,杨浦,8
800,102056,上海交通大学附属中学,上海市,公办,市实验性示范性高中,部分寄宿,杨浦,45
801,102057,复旦大学附属中学,上海市,公办,市实验性示范性高中,部分寄宿,杨浦,45
802,152003,华东师范大学第二附属中学,上海市,公办,市实验性示范性高中,部分寄宿,杨浦,9
803,012001,上海市格致中学,黄浦区,公办,市实验性示范性高中,部分寄宿,杨浦,9
804,012005,上海市向明中学,黄浦区,公办,市实验性示范性高中,无寄宿,杨浦,6
805,012007,上海外国语大学附属大境中学,黄浦区,公办,市实验性示范性高中,部分寄宿,杨浦,2
806,012008,上海市光明中学,黄浦区,公办,市实验性示范性高中,无寄宿,杨浦,3
807,012009,上海市敬业中学,黄浦区,公办,市实验性示范性高中,无寄宿,杨浦,2
808,042001,上海市第二中学,徐汇区,公办,市实验性示范性高中,无寄宿,杨浦,3
809,042008,上海市南洋模范中学,徐汇区,公办,市实验性示范性高中,部分寄宿,杨浦,2
810,042035,上海市位育中学,徐汇区,公办,市实验性示范性高中,全部寄宿,杨浦,2
811,043015,上海市南洋中学,徐汇区,公办,市实验性示范性高中,部分寄宿,杨浦,2
812,042036,复旦大学附属中学徐汇分校,徐汇区,公办,享受市实验性示范性高中招生政策高中,部分寄宿,杨浦,2
813,052001,上海市第三女子中学,长宁区,公办,市实验性示范性高中,部分寄宿,杨浦,3
814,052002,上海市延安中学,长宁区,公办,市实验性示范性高中,全部寄宿,杨浦,4
815,053004,上海市复旦中学,长宁区,公办,市实验性示范性高中,全部寄宿,杨浦,3
816,062001,上海市市西中学,静安区,公办,市实验性示范性高中,无寄宿,杨浦,5
817,062002,上海市育才中学,静安区,公办,市实验性示范性高中,全部寄宿,杨浦,2
818,062003,上海市新中高级中学,静安区,公办,市实验性示范性高中,部分寄宿,杨浦,4
819,062004,上海市市北中学,静安区,公办,市实验性示范性高中,无寄宿,杨浦,6
820,062011,上海市回民中学,静安区,公办,市实验性示范性高中,部分寄宿,杨浦,6
821,063004,上海市第六十中学,静安区,公办,市实验性示范性高中,无寄宿,杨浦,2
822,072001,上海市晋元高级中学,普陀区,公办,市实验性示范性高中,全部寄宿,杨浦,3
823,072002,上海市曹杨第二中学,普陀区,公办,市实验性示范性高中,部分寄宿,杨浦,2
824,073003,上海市宜川中学,普陀区,公办,市实验性示范性高中,无寄宿,杨浦,4
825,092001,复旦大学附属复兴中学,虹口区,公办,市实验性示范性高中,部分寄宿,杨浦,16
826,092002,华东师范大学第一附属中学,虹口区,公办,市实验性示范性高中,部分寄宿,杨浦,14
827,093001,上海财经大学附属北郊高级中学,虹口区,公办,市实验性示范性高中,无寄宿,杨浦,11
828,102004,上海市杨浦高级中学,杨浦区,公办,市实验性示范性高中,部分寄宿,杨浦,10
829,102032,上海市控江中学,杨浦区,公办,市实验性示范性高中,部分寄宿,杨浦,10
830,103002,同济大学第一附属中学,杨浦区,公办,市实验性示范性高中,部分寄宿,杨浦,8
831,122001,上海市七宝中学,闵行区,公办,市实验性示范性高中,部分寄宿,杨浦,3
832,123001,上海市闵行中学,闵行区,公办,市实验性示范性高中,部分寄宿,杨浦,3
833,122002,华东师范大学第二附属中学闵行紫竹分校,闵行区,公办,享受市实验性示范性高中招生政策高中,部分寄宿,杨浦,5
834,122003,上海师范大学附属中学闵行分校,闵行区,公办,享受市实验性示范性高中招生政策高中,部分寄宿,杨浦,4
835,122004,上海交通大学附属中学闵行分校,闵行区,公办,享受市实验性示范性高中招生政策高中,部分寄宿,杨浦,3
836,132001,上海市行知中学,宝山区,公办,市实验性示范性高中,部分寄宿,杨浦,8
837,132002,上海大学附属中学,宝山区,公办,市实验性示范性高中,全部寄宿,杨浦,10
838,133001,上海市吴淞中学,宝山区,公办,市实验性示范性高中,部分寄宿,杨浦,10
839,132003,上海师范大学附属中学宝山分校,宝山区,公办,享受市实验性示范性高中招生政策高中,全部寄宿,杨浦,5
840,133003,华东师范大学第二附属中学(宝山校区),宝山区,公办,享受市实验性示范性高中招生政策高中,全部寄宿,杨浦,4
841,142001,上海市嘉定区第一中学,嘉定区,公办,市实验性示范性高中,部分寄宿,杨浦,7
842,142002,上海交通大学附属中学嘉定分校,嘉定区,公办,享受市实验性示范性高中招生政策高中,部分寄宿,杨浦,10
843,142004,上海师范大学附属中学嘉定新城分校,嘉定区,公办,享受市实验性示范性高中招生政策高中,部分寄宿,杨浦,1
844,152001,上海市建平中学,浦东新区,公办,市实验性示范性高中,部分寄宿,杨浦,12
845,152002,上海市进才中学,浦东新区,公办,市实验性示范性高中,部分寄宿,杨浦,7
846,152004,上海南汇中学,浦东新区,公办,市实验性示范性高中,部分寄宿,杨浦,4
847,153001,上海市洋泾中学,浦东新区,公办,市实验性示范性高中,部分寄宿,杨浦,10
848,153004,上海市高桥中学,浦东新区,公办,市实验性示范性高中,部分寄宿,杨浦,6
849,153005,上海市川沙中学,浦东新区,公办,市实验性示范性高中,部分寄宿,杨浦,8
850,151078,上海中学东校,浦东新区,公办,享受市实验性示范性高中招生政策高中,全部寄宿,杨浦,12
851,152005,上海市浦东复旦附中分校,浦东新区,公办,享受市实验性示范性高中招生政策高中,部分寄宿,杨浦,11
852,162000,上海市金山中学,金山区,公办,市实验性示范性高中,全部寄宿,杨浦,1
853,163002,华东师范大学第三附属中学,金山区,公办,市实验性示范性高中,全部寄宿,杨浦,4
854,172001,上海市松江二中,松江区,公办,市实验性示范性高中,部分寄宿,杨浦,3
855,173001,上海市松江一中,松江区,公办,市实验性示范性高中,部分寄宿,杨浦,4
856,172002,华东师范大学第二附属中学松江分校,松江区,公办,享受市实验性示范性高中招生政策高中,部分寄宿,杨浦,3
857,174003,上海外国语大学附属外国语学校松江云间中学,松江区,公办,享受市实验性示范性高中招生政策高中,部分寄宿,杨浦,1
858,182001,上海市青浦高级中学,青浦区,公办,市实验性示范性高中,部分寄宿,杨浦,5
859,183002,上海市朱家角中学,青浦区,公办,市实验性示范性高中,部分寄宿,杨浦,6
860,182002,复旦大学附属中学青浦分校,青浦区,公办,享受市实验性示范性高中招生政策高中,全部寄宿,杨浦,3
861,202001,上海市奉贤中学,奉贤区,公办,市实验性示范性高中,全部寄宿,杨浦,2
862,202002,华东师范大学第二附属中学临港奉贤分校,奉贤区,公办,享受市实验性示范性高中招生政策高中,全部寄宿,杨浦,1
863,512000,上海市崇明中学,崇明区,公办,市实验性示范性高中,全部寄宿,杨浦,2
864,512001,上海市实验学校东滩高级中学,崇明区,公办,享受市实验性示范性高中招生政策高中,全部寄宿,杨浦,3
865,042032,上海市上海中学,上海市,公办,市实验性示范性高中,全部寄宿,长宁,9
866,102056,上海交通大学附属中学,上海市,公办,市实验性示范性高中,部分寄宿,长宁,8
867,102057,复旦大学附属中学,上海市,公办,市实验性示范性高中,部分寄宿,长宁,9
868,152003,华东师范大学第二附属中学,上海市,公办,市实验性示范性高中,部分寄宿,长宁,9
869,152006,上海师范大学附属中学,上海市,公办,市实验性示范性高中,部分寄宿,长宁,2
870,012001,上海市格致中学,黄浦区,公办,市实验性示范性高中,部分寄宿,长宁,4
871,012005,上海市向明中学,黄浦区,公办,市实验性示范性高中,无寄宿,长宁,4
872,012007,上海外国语大学附属大境中学,黄浦区,公办,市实验性示范性高中,部分寄宿,长宁,2
873,012008,上海市光明中学,黄浦区,公办,市实验性示范性高中,无寄宿,长宁,2
874,042001,上海市第二中学,徐汇区,公办,市实验性示范性高中,无寄宿,长宁,6
875,042008,上海市南洋模范中学,徐汇区,公办,市实验性示范性高中,部分寄宿,长宁,6
876,042035,上海市位育中学,徐汇区,公办,市实验性示范性高中,全部寄宿,长宁,3
877,043015,上海市南洋中学,徐汇区,公办,市实验性示范性高中,部分寄宿,长宁,3
878,052001,上海市第三女子中学,长宁区,公办,市实验性示范性高中,部分寄宿,长宁,5
879,052002,上海市延安中学,长宁区,公办,市实验性示范性高中,全部寄宿,长宁,6
880,053004,上海市复旦中学,长宁区,公办,市实验性示范性高中,全部寄宿,长宁,5
881,062001,上海市市西中学,静安区,公办,市实验性示范性高中,无寄宿,长宁,7
882,062002,上海市育才中学,静安区,公办,市实验性示范性高中,全部寄宿,长宁,2
883,062003,上海市新中高级中学,静安区,公办,市实验性示范性高中,部分寄宿,长宁,2
884,062004,上海市市北中学,静安区,公办,市实验性示范性高中,无寄宿,长宁,4
885,062011,上海市回民中学,静安区,公办,市实验性示范性高中,部分寄宿,长宁,1
886,063004,上海市第六十中学,静安区,公办,市实验性示范性高中,无寄宿,长宁,2
887,064001,上海市华东模范中学,静安区,公办,市实验性示范性高中,无寄宿,长宁,4
888,072001,上海市晋元高级中学,普陀区,公办,市实验性示范性高中,全部寄宿,长宁,2
889,072002,上海市曹杨第二中学,普陀区,公办,市实验性示范性高中,部分寄宿,长宁,6
890,073003,上海市宜川中学,普陀区,公办,市实验性示范性高中,无寄宿,长宁,5
891,073082,华东师范大学第二附属中学(普陀校区),普陀区,公办,享受市实验性示范性高中招生政策高中,部分寄宿,长宁,5
892,092001,复旦大学附属复兴中学,虹口区,公办,市实验性示范性高中,部分寄宿,长宁,2
893,092002,华东师范大学第一附属中学,虹口区,公办,市实验性示范性高中,部分寄宿,长宁,1
894,102004,上海市杨浦高级中学,杨浦区,公办,市实验性示范性高中,部分寄宿,长宁,3
895,122001,上海市七宝中学,闵行区,公办,市实验性示范性高中,部分寄宿,长宁,3
896,123001,上海市闵行中学,闵行区,公办,市实验性示范性高中,部分寄宿,长宁,4
897,122002,华东师范大学第二附属中学闵行紫竹分校,闵行区,公办,享受市实验性示范性高中招生政策高中,部分寄宿,长宁,4
898,122003,上海师范大学附属中学闵行分校,闵行区,公办,享受市实验性示范性高中招生政策高中,部分寄宿,长宁,2
899,122004,上海交通大学附属中学闵行分校,闵行区,公办,享受市实验性示范性高中招生政策高中,部分寄宿,长宁,3
900,132001,上海市行知中学,宝山区,公办,市实验性示范性高中,部分寄宿,长宁,2
901,132002,上海大学附属中学,宝山区,公办,市实验性示范性高中,全部寄宿,长宁,2
902,133001,上海市吴淞中学,宝山区,公办,市实验性示范性高中,部分寄宿,长宁,1
903,132003,上海师范大学附属中学宝山分校,宝山区,公办,享受市实验性示范性高中招生政策高中,全部寄宿,长宁,2
904,133003,华东师范大学第二附属中学(宝山校区),宝山区,公办,享受市实验性示范性高中招生政策高中,全部寄宿,长宁,2
905,142001,上海市嘉定区第一中学,嘉定区,公办,市实验性示范性高中,部分寄宿,长宁,6
906,142002,上海交通大学附属中学嘉定分校,嘉定区,公办,享受市实验性示范性高中招生政策高中,部分寄宿,长宁,7
907,142004,上海师范大学附属中学嘉定新城分校,嘉定区,公办,享受市实验性示范性高中招生政策高中,部分寄宿,长宁,2
908,152001,上海市建平中学,浦东新区,公办,市实验性示范性高中,部分寄宿,长宁,6
909,152002,上海市进才中学,浦东新区,公办,市实验性示范性高中,部分寄宿,长宁,7
910,152004,上海南汇中学,浦东新区,公办,市实验性示范性高中,部分寄宿,长宁,10
911,153001,上海市洋泾中学,浦东新区,公办,市实验性示范性高中,部分寄宿,长宁,5
912,153004,上海市高桥中学,浦东新区,公办,市实验性示范性高中,部分寄宿,长宁,4
913,153005,上海市川沙中学,浦东新区,公办,市实验性示范性高中,部分寄宿,长宁,7
914,151078,上海中学东校,浦东新区,公办,享受市实验性示范性高中招生政策高中,全部寄宿,长宁,4
915,162000,上海市金山中学,金山区,公办,市实验性示范性高中,全部寄宿,长宁,3
916,163002,华东师范大学第三附属中学,金山区,公办,市实验性示范性高中,全部寄宿,长宁,4
917,172001,上海市松江二中,松江区,公办,市实验性示范性高中,部分寄宿,长宁,2
918,173001,上海市松江一中,松江区,公办,市实验性示范性高中,部分寄宿,长宁,5
919,174003,上海外国语大学附属外国语学校松江云间中学,松江区,公办,享受市实验性示范性高中招生政策高中,部分寄宿,长宁,1
920,182001,上海市青浦高级中学,青浦区,公办,市实验性示范性高中,部分寄宿,长宁,4
921,183002,上海市朱家角中学,青浦区,公办,市实验性示范性高中,部分寄宿,长宁,4
922,182002,复旦大学附属中学青浦分校,青浦区,公办,享受市实验性示范性高中招生政策高中,全部寄宿,长宁,3
923,202001,上海市奉贤中学,奉贤区,公办,市实验性示范性高中,全部寄宿,长宁,2
924,202002,华东师范大学第二附属中学临港奉贤分校,奉贤区,公办,享受市实验性示范性高中招生政策高中,全部寄宿,长宁,3
925,512000,上海市崇明中学,崇明区,公办,市实验性示范性高中,全部寄宿,长宁,2
