区县,高中学校,录取分数线,是否完成,招生计划数,总分,语文,数学,英语
嘉定区,上海市格致中学,729.5,否,50,390.5,120,126,142
嘉定区,上海市大同中学,730,否,50,398,128,127,133
嘉定区,上海市光明中学,701,否,50,386,123,126,118
嘉定区,上海市卢湾高级中学,691.5,否,50,373.5,123,110,123
嘉定区,上海市第二中学,721.5,否,50,396.5,125,128,132
嘉定区,上海市南洋模范中学,742.5,否,50,406.5,135,130,138
嘉定区,上海市上海中学,759,否,50,424,146,134,140
嘉定区,上海市位育中学,746.5,否,50,408.5,133,135,140
嘉定区,复旦大学附属中学徐汇分校,754.5,否,50,425,141,139,135
嘉定区,上海市南洋中学,715.5,否,50,388.5,125,129,130
嘉定区,上海市第三女子中学,726.5,否,50,403,136,129,127
嘉定区,上海市延安中学,738,否,50,412,139,129,138
嘉定区,上海市复旦中学,713.5,否,50,387.5,125,130,136
嘉定区,上海市育才中学,723,否,50,397,144,122,138
嘉定区,上海市新中高级中学,693,否,50,380,133,118,126
嘉定区,上海市市北中学,698,否,50,378,127,117,128
嘉定区,上海市回民中学,675,否,50,357,113,116,120
嘉定区,上海市华东模范中学,686,否,50,363,114,121,133
嘉定区,上海市晋元高级中学,723,否,50,394,127,125,134
嘉定区,上海市曹杨第二中学,739.5,否,50,414,133,138,129
嘉定区,上海市宜川中学,694,否,50,366,112,123,131
嘉定区,华东师范大学第二附属中学（普陀校区）,751.5,否,50,420.5,144,141,136
嘉定区,复旦大学附属复兴中学,727.5,否,50,408.5,136,128,122
嘉定区,华东师范大学第一附属中学,719.5,否,50,398,140,124,139
嘉定区,上海财经大学附属北郊高级中学,689,否,50,378,117,121,117
嘉定区,上海市杨浦高级中学,721.5,否,50,401,126,130,130
嘉定区,上海市控江中学,725.5,否,50,397.5,125,127,131
嘉定区,上海交通大学附属中学,762.5,否,50,420.5,148,132,144
嘉定区,复旦大学附属中学,761.5,否,50,427.5,142,137,140
嘉定区,同济大学第一附属中学,720,否,50,389,121,133,132
嘉定区,上海市七宝中学,750.5,否,50,415.5,136,136,141
嘉定区,华东师范大学第二附属中学闵行紫竹分校,745.5,否,50,415.5,138,131,136
嘉定区,上海师范大学附属中学闵行分校,728.5,否,50,392.5,127,123,138
嘉定区,上海市闵行中学,707,否,50,394,133,123,120
嘉定区,上海市行知中学,726,否,50,391.5,122,128,142
嘉定区,上海大学附属中学,723,否,50,395,130,123,133
嘉定区,上海师范大学附属中学宝山分校,712,否,50,377,118,121,141
嘉定区,上海市吴淞中学,708,否,50,389,121,122,130
嘉定区,华东师范大学第二附属中学（宝山校区）,744.5,否,50,408.5,135,128,139
嘉定区,上海市嘉定区第一中学,739.5,否,50,411.5,132,137,125
嘉定区,上海交通大学附属中学嘉定分校,760,否,50,416,138,130,146
嘉定区,上海师范大学附属中学嘉定新城分校,730,否,50,401,132,125,133
嘉定区,上海中学东校,732.5,否,50,394.5,139,125,141
嘉定区,上海市建平中学,679.5,否,50,368,123,109,125
嘉定区,上海市进才中学,717,否,50,390,134,123,133
嘉定区,华东师范大学第二附属中学,754,否,50,421,146,130,141
嘉定区,上海南汇中学,693.5,否,50,394,126,132,108
嘉定区,上海市浦东复旦附中分校,745,否,50,408.5,136,130,138
嘉定区,上海师范大学附属中学,726,否,50,399.5,123,129,129
嘉定区,上海市洋泾中学,722.5,否,50,390.5,129,125,137
嘉定区,上海市高桥中学,694.5,否,50,375.5,128,109,125
嘉定区,上海市川沙中学,716,否,50,383,128,117,144
嘉定区,上海市金山中学,741.5,否,50,414.5,138,132,134
嘉定区,华东师范大学第三附属中学,698,否,50,376,111,124,127
嘉定区,上海市松江二中,731.5,否,50,400.5,136,124,136
嘉定区,上海市松江一中,700,否,50,381.5,131,122,130
嘉定区,上海外国语大学附属外国语学校松江云间中学,730.5,否,50,402.5,128,130,130
嘉定区,上海市青浦高级中学,708.5,否,50,389.5,132,135,131
嘉定区,复旦大学附属中学青浦分校,752.5,否,50,421.5,145,132,133
嘉定区,上海市朱家角中学,703,否,50,381,124,122,125
嘉定区,上海市奉贤中学,730.5,否,50,401.5,133,125,130
嘉定区,上海市崇明中学,699.5,否,50,375.5,112,122,127
奉贤区,上海市格致中学（奉贤校区）,726,否,50,396,128,125,136
奉贤区,上海市第二中学,716.5,否,50,395.5,140,117,133
奉贤区,上海市上海中学,765.5,否,50,427.5,144,137,140
奉贤区,上海市位育中学,738.5,否,50,408,135,130,137
奉贤区,上海市南洋中学,701,否,50,382,120,125,122
奉贤区,上海市复旦中学,723,否,50,389,136,121,138
奉贤区,上海市育才中学,709.5,否,50,393.5,131,130,124
奉贤区,上海市晋元高级中学,718.5,否,50,398.5,138,121,123
奉贤区,上海市宜川中学,664.5,否,50,350.5,112,120,123
奉贤区,华东师范大学第一附属中学,729,否,50,400,136,125,134
奉贤区,上海市杨浦高级中学,703.5,否,50,391.5,127,128,125
奉贤区,上海交通大学附属中学,747,否,50,416,141,132,137
奉贤区,复旦大学附属中学,753,否,50,408,141,126,146
奉贤区,上海市七宝中学,752.5,否,50,419.5,150,127,137
奉贤区,上海师范大学附属中学闵行分校,724.5,否,50,399,126,128,131
奉贤区,上海交通大学附属中学闵行分校,741.5,否,50,413.5,132,135,136
奉贤区,上海市闵行中学,718,否,50,393,129,123,127
奉贤区,上海市行知中学,707.5,否,50,387.5,124,124,128
奉贤区,上海大学附属中学,706.5,否,50,384.5,128,119,132
奉贤区,上海市吴淞中学,694,否,50,374.5,128,113,132
奉贤区,华东师范大学第二附属中学（宝山校区）,742,否,50,401,133,126,144
奉贤区,上海市嘉定区第一中学,710,否,50,388,114,133,132
奉贤区,上海师范大学附属中学嘉定新城分校,708,否,50,391,124,136,126
奉贤区,上海中学东校,729.5,否,50,400,135,120,136
奉贤区,上海市建平中学,746,否,50,412,137,132,140
奉贤区,上海市进才中学,735,否,50,404,132,126,135
奉贤区,华东师范大学第二附属中学,743.5,否,50,410.5,142,123,134
奉贤区,上海南汇中学,703.5,否,50,381.5,131,121,134
奉贤区,上海师范大学附属中学,675.5,否,50,378.5,118,121,113
奉贤区,上海市洋泾中学,704,否,50,389,133,120,129
奉贤区,上海市高桥中学,693.5,否,50,375,119,126,120
奉贤区,上海市川沙中学,707.5,否,50,393,126,129,124.5
奉贤区,上海市金山中学,719,否,50,388.5,140,123,139
奉贤区,华东师范大学第三附属中学,701,否,50,389,125,122,122
奉贤区,上海市松江二中,731,否,50,413,145,133,125
奉贤区,华东师范大学第二附属中学松江分校,732,否,50,403,134,126,135
奉贤区,上海市松江一中,706,否,50,389,129,123,124
奉贤区,上海外国语大学附属外国语学校松江云间中学,721.5,否,50,396.5,123,128,132
奉贤区,上海市青浦高级中学,698,否,50,377,111,127,131
奉贤区,上海市朱家角中学,672.5,否,50,351.5,117,122,131
奉贤区,上海市奉贤中学,757,否,50,416,148,125,142
奉贤区,华东师范大学第二附属中学临港奉贤分校,737.5,否,50,410,143,127,132
奉贤区,上海市崇明中学,697.5,否,50,387.5,124,124,121
宝山区,上海市格致中学,742.5,否,50,406.5,134,128,142
宝山区,上海市大同中学,736,否,50,409,137,132,134
宝山区,上海外国语大学附属大境中学,706,否,50,397,132,127,116
宝山区,上海市光明中学,681.5,否,50,361.5,130,96,128
宝山区,上海市第二中学,712.5,否,50,387,128,120,134
宝山区,上海市南洋模范中学,736.5,否,50,406,130,131,135
宝山区,上海市上海中学,754,否,50,418,139,132,139
宝山区,上海市位育中学,737.5,否,50,404.5,142,121,141
宝山区,上海市南洋中学,717,否,50,386,132,119,135
宝山区,上海市第三女子中学,715.5,否,50,392.5,124,129,128
宝山区,上海市延安中学,746,否,50,411,139,128,143
宝山区,上海市复旦中学,698,否,50,380,124,126,126
宝山区,上海市市西中学,727.5,否,50,400.5,121,137,131
宝山区,上海市育才中学,723.5,否,50,397,128,126,133
宝山区,上海市新中高级中学,708.5,否,50,391,123,127,129
宝山区,上海市市北中学,716.5,否,50,393.5,130,128,132
宝山区,上海市回民中学,685,否,50,377.5,119,117,116
宝山区,上海市第六十中学,682,否,50,371,132,124,126
宝山区,上海市华东模范中学,683,否,50,374.5,125,122,123
宝山区,上海市晋元高级中学,724.5,否,50,406,137,126,126
宝山区,上海市曹杨第二中学,751,否,50,409,130,136,142
宝山区,上海市宜川中学,719,否,50,397,135,121,136
宝山区,复旦大学附属复兴中学,742.5,否,50,399.5,124,131,147
宝山区,华东师范大学第一附属中学,726,否,50,396,129,127,138
宝山区,上海财经大学附属北郊高级中学,704.5,否,50,395.5,127,132,125
宝山区,上海市杨浦高级中学,727.5,否,50,401.5,129,129,135
宝山区,上海市控江中学,738.5,否,50,401.5,127,131,135
宝山区,上海交通大学附属中学,760,否,50,422,141,133,143
宝山区,复旦大学附属中学,762,否,50,421,150,126,144
宝山区,同济大学第一附属中学,716.5,否,50,382.5,122,122,138
宝山区,上海市七宝中学,752.5,否,50,416.5,142,130,138
宝山区,华东师范大学第二附属中学闵行紫竹分校,751,否,50,414,136,135,141
宝山区,上海师范大学附属中学闵行分校,736.5,否,50,404.5,142,127,137
宝山区,上海市闵行中学,710,否,50,389.5,133,127,127
宝山区,上海市行知中学,744,否,50,413,139,129,138
宝山区,上海大学附属中学,729.5,否,50,404.5,135,128,129
宝山区,上海师范大学附属中学宝山分校,743,否,50,410,139,133,139
宝山区,上海市吴淞中学,725,否,50,401,137,126,134
宝山区,华东师范大学第二附属中学（宝山校区）,756.5,否,50,418.5,142,132,139
宝山区,上海市嘉定区第一中学,726.5,否,50,396.5,130,126,137
宝山区,上海交通大学附属中学嘉定分校,758,否,50,423,143,135,139
宝山区,上海师范大学附属中学嘉定新城分校,716.5,否,50,388.5,128,122,135
宝山区,上海中学东校,735.5,否,50,401.5,140,125,141
宝山区,上海市建平中学,743,否,50,406.5,138,123,138
宝山区,上海市进才中学,736,否,50,394,129,127,141
宝山区,华东师范大学第二附属中学,750.5,否,50,415,144,126,139
宝山区,上海南汇中学,705.5,否,50,384,124,126,127
宝山区,上海市洋泾中学,719,否,50,386,129,115,139
宝山区,上海市高桥中学,704.5,否,50,390.5,127,121,126
宝山区,上海市川沙中学,720.5,否,50,400.5,136,125,128
宝山区,上海市金山中学,726.5,否,50,400.5,133,131,132
宝山区,华东师范大学第三附属中学,697,否,50,397,126,130,112
宝山区,上海市松江二中,739,否,50,404.5,137,125,142
宝山区,上海市松江一中,700.5,否,50,374.5,124,118,131
宝山区,上海外国语大学附属外国语学校松江云间中学,729.5,否,50,391.5,131,127,143
宝山区,上海市青浦高级中学,709.5,否,50,386,136,119,135
宝山区,复旦大学附属中学青浦分校,749.5,否,50,419.5,142,133,136
宝山区,上海市朱家角中学,687.5,否,50,377,120,116,119
宝山区,上海市奉贤中学,727.5,否,50,396.5,125,127,135
宝山区,华东师范大学第二附属中学临港奉贤分校,744,否,50,412,140,132,135
宝山区,上海市崇明中学,703,否,50,378,115,123,133
宝山区,上海市实验学校东滩高级中学,705.5,否,50,386.5,117,129,124
崇明区,上海市育才中学,661.5,否,50,361,115,127,111
崇明区,上海市宜川中学,666.5,否,50,354.5,121,121,126
崇明区,上海市控江中学,726,否,50,406,131,132,125
崇明区,上海交通大学附属中学,763.5,否,50,424.5,145,136,142
崇明区,复旦大学附属中学,750.5,否,50,411.5,135,131,141
崇明区,上海师范大学附属中学闵行分校,721.5,否,50,393.5,130,125,134
崇明区,上海市闵行中学,704.5,否,50,377.5,114,131,132
崇明区,上海市行知中学,715,否,50,390,130,125,135
崇明区,上海大学附属中学,697,否,50,376.5,121,124,137
崇明区,上海师范大学附属中学宝山分校,708.5,否,50,386.5,135,116,136
崇明区,上海市吴淞中学,693.5,否,50,378.5,124,121,129
崇明区,华东师范大学第二附属中学（宝山校区）,739,否,50,411,132,131,133
崇明区,上海市嘉定区第一中学,691,否,50,376,119,121,127
崇明区,上海市建平中学,747,否,50,413,135,130,138
崇明区,上海市进才中学,739.5,否,50,413.5,135,133,131
崇明区,华东师范大学第二附属中学,768.5,否,50,421.5,150,129,146
崇明区,上海南汇中学,687,否,50,368,120,122,132
崇明区,上海市洋泾中学,721,否,50,393,128,125,128
崇明区,上海市高桥中学,691.5,否,50,380.5,121,128,124
崇明区,上海市川沙中学,723,否,50,404,130,136,128
崇明区,华东师范大学第三附属中学,665.5,否,50,362.5,116,113,118
崇明区,上海市松江一中,674.5,否,50,346.5,97,117,135
崇明区,上海外国语大学附属外国语学校松江云间中学,719,否,50,400,131,124,126
崇明区,上海市青浦高级中学,669.5,否,50,354.5,137,99,131
崇明区,上海市奉贤中学,703.5,否,50,397.5,136,120,122
崇明区,上海市崇明中学,725.5,否,50,404.5,139,125,129
崇明区,上海市实验学校东滩高级中学,734,否,50,399,135,129,139
徐汇区,上海市格致中学,740.5,否,50,401.5,130,131,141
徐汇区,上海市大同中学,731,否,50,394,135,120,141
徐汇区,上海市向明中学,724.5,否,50,394.5,135,125,137
徐汇区,上海外国语大学附属大境中学,693.5,否,50,375,114,122,128
徐汇区,上海市光明中学,696,否,50,373,113,123,133
徐汇区,上海市敬业中学,711.5,否,50,392.5,132,127,124
徐汇区,上海市卢湾高级中学,708.5,否,50,386.5,129,119,128
徐汇区,上海市第二中学,727.5,否,50,401.5,140,123,134
徐汇区,上海市第二中学（梅陇校区）,725.5,否,50,399,135,126,136
徐汇区,上海市南洋模范中学,758.5,否,50,415.5,147,130,147
徐汇区,上海市上海中学,760,否,50,418,146,129,145
徐汇区,上海市位育中学,742.5,否,50,406.5,130,130,142
徐汇区,复旦大学附属中学徐汇分校,762,否,50,426,150,130,140
徐汇区,上海市南洋中学,731,否,50,396.5,136,120,140
徐汇区,上海市第三女子中学,725,否,50,391,125,127,135
徐汇区,上海市延安中学,748,否,50,408.5,138,127,144
徐汇区,上海市复旦中学,727,否,50,404,127,130,129
徐汇区,上海市市西中学,715,否,50,385,134,129,138
徐汇区,上海市育才中学,713,否,50,395,140,120,127
徐汇区,上海市新中高级中学,721,否,50,399,136,130,127
徐汇区,上海市市北中学,710,否,50,374.5,138,119,144
徐汇区,上海市回民中学,680,否,50,359.5,121,109,126
徐汇区,上海市第六十中学,685,否,40,367,101,126,133
徐汇区,上海市华东模范中学,680,否,50,374.5,134,112,116
徐汇区,上海市曹杨第二中学,734.5,否,50,398.5,139,119,144
徐汇区,上海市宜川中学,708.5,否,50,385,122,121,133
徐汇区,华东师范大学第二附属中学（普陀校区）,752,否,50,418,139,135,138
徐汇区,上海财经大学附属北郊高级中学,705,否,50,383.5,129,124,127
徐汇区,上海市杨浦高级中学,708,否,50,393,126,130,124
徐汇区,上海市控江中学,734.5,否,50,406.5,134,135,135
徐汇区,上海交通大学附属中学,756.5,否,50,413.5,144,126,145
徐汇区,复旦大学附属中学,760.5,否,50,422.5,146,129,144
徐汇区,上海市七宝中学,749.5,否,50,411.5,141,127,147
徐汇区,华东师范大学第二附属中学闵行紫竹分校,750,否,50,411,140,126,142
徐汇区,上海师范大学附属中学闵行分校,732,否,50,402,133,128,135
徐汇区,上海交通大学附属中学闵行分校,754.5,否,50,421.5,145,136,138
徐汇区,上海市闵行中学,703,否,50,388,127,122,120
徐汇区,上海大学附属中学,719.5,否,50,391.5,135,123,138
徐汇区,上海师范大学附属中学宝山分校,726,否,50,397,140,123,137
徐汇区,上海市吴淞中学,713,否,50,402.5,128,132,116
徐汇区,华东师范大学第二附属中学（宝山校区）,748,否,50,412,137,129,139
徐汇区,上海市嘉定区第一中学,729,否,50,395,125,125,139
徐汇区,上海交通大学附属中学嘉定分校,753,否,50,413,145,127,145
徐汇区,上海师范大学附属中学嘉定新城分校,710,否,50,383,117,125,134
徐汇区,上海中学东校,734,否,50,412,149,125,129
徐汇区,上海市建平中学,737.5,否,50,404.5,144,119,140
徐汇区,上海市进才中学,737.5,否,50,402.5,135,122,134
徐汇区,华东师范大学第二附属中学,756.5,否,50,417.5,145,130,145
徐汇区,上海南汇中学,693,否,50,386,132,115,128
徐汇区,上海市浦东复旦附中分校,743.5,否,50,414.5,144,128,134
徐汇区,上海师范大学附属中学,726.5,否,50,391.5,123,124,138
徐汇区,上海市洋泾中学,718.5,否,50,391.5,135,122,131
徐汇区,上海市高桥中学,714,否,50,390,126,126,130
徐汇区,上海市川沙中学,712,否,50,381,127,116,139
徐汇区,上海市金山中学,705.5,否,50,392.5,138,120,118
徐汇区,华东师范大学第三附属中学,698.5,否,50,371,130,111,132
徐汇区,上海市松江二中,738,否,50,402,145,120,143
徐汇区,华东师范大学第二附属中学松江分校,742.5,否,50,406.5,145,119,141
徐汇区,上海师范大学附属中学松江分校,705,否,50,392.5,130,119,129
徐汇区,上海市松江一中,717,否,50,392,134,116,134
徐汇区,上海外国语大学附属外国语学校松江云间中学,723,否,50,404,129,133,126
徐汇区,上海市青浦高级中学,719.5,否,50,384.5,126,122,143
徐汇区,复旦大学附属中学青浦分校,752,否,50,412,144,130,142
徐汇区,上海市朱家角中学,687.5,否,50,378,122,118,122
徐汇区,上海市奉贤中学,727,否,50,396,129,129,135
徐汇区,华东师范大学第二附属中学临港奉贤分校,727,否,50,399,130,126,135
徐汇区,上海市崇明中学,706.5,否,50,381.5,125,120,128
普陀区,上海市格致中学,738,否,50,403,138,120,142
普陀区,上海市大同中学,732.5,否,50,399.5,132,127,138
普陀区,上海市向明中学,728.5,否,50,400.5,124,129,133
普陀区,上海外国语大学附属大境中学,715.5,否,50,386.5,125,127,141
普陀区,上海市光明中学,706.5,否,50,395,122,126,116
普陀区,上海市敬业中学,711,否,50,389,128,121,132
普陀区,上海市第二中学,727,否,50,399,131,126,134.5
普陀区,上海市南洋模范中学,752.5,否,50,417,142,131,142
普陀区,上海市上海中学,765,否,50,425,136,143,144
普陀区,上海市位育中学,743,否,50,408,137,129,137
普陀区,复旦大学附属中学徐汇分校,755.5,否,50,418.5,138,133,140
普陀区,上海市南洋中学,707,否,50,387,124,126,125
普陀区,上海市第三女子中学,732,否,50,400,139,122,135
普陀区,上海市延安中学,743.5,否,50,411.5,133,130,139
普陀区,上海市复旦中学,721.5,否,50,393.5,124,131,133
普陀区,上海市市西中学,731,否,50,396.5,127,131,139
普陀区,上海市育才中学,720.5,否,50,391.5,119,135,134
普陀区,上海市新中高级中学,708.5,否,50,386.5,125,124,127
普陀区,上海市市北中学,726.5,否,50,393,130,125,139
普陀区,上海市回民中学,690.5,否,50,365,122,120,133
普陀区,上海市第六十中学,694,否,50,380,128,120,123
普陀区,上海市华东模范中学,690,否,50,384,124,126,115
普陀区,上海市晋元高级中学,735.5,否,50,404.5,136,130,133
普陀区,上海市曹杨第二中学,752,否,50,421,144,133,134
普陀区,上海市宜川中学,717.5,否,50,399.5,132,124,125
普陀区,华东师范大学第二附属中学（普陀校区）,760.5,否,50,425.5,145,133,140
普陀区,复旦大学附属复兴中学,733,否,50,399,145,117,141
普陀区,华东师范大学第一附属中学,731,否,50,405,133,128,132
普陀区,上海财经大学附属北郊高级中学,714,否,50,390,116,130,129
普陀区,上海市杨浦高级中学,726,否,50,399,130,127,131
普陀区,上海市控江中学,740.5,否,50,400.5,134,121,145
普陀区,上海交通大学附属中学,756.5,否,50,420.5,139,134,144
普陀区,复旦大学附属中学,762,否,50,425,146,131,139
普陀区,同济大学第一附属中学,722,否,50,401,130,128,128
普陀区,上海市七宝中学,748,否,50,415,141,127,137
普陀区,华东师范大学第二附属中学闵行紫竹分校,750,否,50,412,145,127,147
普陀区,上海师范大学附属中学闵行分校,720.5,否,50,402.5,133,128,121
普陀区,上海交通大学附属中学闵行分校,759,否,50,427,147,134,140
普陀区,上海市闵行中学,716,否,50,400.5,127,131,118
普陀区,上海市行知中学,721,否,50,394,126,125,135
普陀区,上海大学附属中学,714,否,50,399,137,124,125
普陀区,上海师范大学附属中学宝山分校,726,否,50,399,135,122,131
普陀区,上海市吴淞中学,718,否,50,405,143,121,118
普陀区,上海市嘉定区第一中学,728.5,否,50,398.5,139,126,135
普陀区,上海交通大学附属中学嘉定分校,753,否,50,418,138,134,142
普陀区,上海师范大学附属中学嘉定新城分校,715,否,50,391,127,125,130
普陀区,上海市建平中学,748,否,50,420,143,131,132
普陀区,上海市进才中学,739.5,否,50,399.5,131,129,140
普陀区,华东师范大学第二附属中学,756.5,否,50,422.5,148,132,137
普陀区,上海南汇中学,703,否,50,402,127,133,105
普陀区,上海市浦东复旦附中分校,729.5,否,50,403.5,132,127,130
普陀区,上海师范大学附属中学,726.5,否,50,398.5,135,122,132
普陀区,上海市洋泾中学,706,否,50,382.5,127,125,137
普陀区,上海市高桥中学,697,否,50,384,123,123,120
普陀区,上海市川沙中学,718.5,否,50,385.5,122,124,140
普陀区,上海市金山中学,722,否,50,387,133,114,141
普陀区,华东师范大学第三附属中学,683.5,否,50,374.5,120,123,116
普陀区,上海市松江二中,725,否,50,394,123,130,140
普陀区,上海市松江一中,702.5,否,50,384.5,121,127,122
普陀区,上海外国语大学附属外国语学校松江云间中学,729,否,50,400,127,127,132
普陀区,上海市青浦高级中学,692.5,否,50,378.5,131,116,116
普陀区,复旦大学附属中学青浦分校,748.5,否,50,414.5,139,128,138
普陀区,上海市朱家角中学,702,否,50,384,117,127,123
普陀区,上海市奉贤中学,737.5,否,50,401.5,141,124,141
普陀区,上海市崇明中学,705.5,否,50,400.5,140,119,114
杨浦区,上海市格致中学,743.5,否,50,412.5,142,130,133
杨浦区,上海市向明中学,696,否,50,384,134,111,126
杨浦区,上海外国语大学附属大境中学,722,否,50,399.5,128,128,131
杨浦区,上海市光明中学,710.5,否,50,379,128,119,138
杨浦区,上海市敬业中学,725,否,50,398,130,124,133
杨浦区,上海市第二中学,719,否,50,397.5,139,123,132
杨浦区,上海市南洋模范中学,740,否,50,402,138,125,141
杨浦区,上海市上海中学,753.5,否,50,419.5,142,133,139
杨浦区,上海市位育中学,735.5,否,50,405,136,127,137
杨浦区,复旦大学附属中学徐汇分校,755,否,50,414,146,127,143
杨浦区,上海市南洋中学,714,否,50,392,130,121,128
杨浦区,上海市第三女子中学,708.5,否,50,385.5,118,125,128
杨浦区,上海市延安中学,735,否,50,407,143,124,137
杨浦区,上海市复旦中学,704.5,否,50,383.5,131,126,132
杨浦区,上海市市西中学,731,否,50,402,126,133,135
杨浦区,上海市育才中学,705,否,50,382,120,120,123
杨浦区,上海市新中高级中学,704.5,否,50,379.5,127,117,134
杨浦区,上海市市北中学,722.5,否,50,398,125,132,132
杨浦区,上海市回民中学,677,否,50,374,118,122,115
杨浦区,上海市第六十中学,689,否,50,373,119,119,122
杨浦区,上海市晋元高级中学,722,否,50,397,122,131,131
杨浦区,上海市曹杨第二中学,748,否,50,413,145,131,139
杨浦区,上海市宜川中学,713.5,否,50,388.5,125,124,128
杨浦区,复旦大学附属复兴中学,742.5,否,50,405.5,134,129,141
杨浦区,华东师范大学第一附属中学,731.5,否,50,398.5,135,125,138
杨浦区,上海财经大学附属北郊高级中学,714,否,50,395,130,124,130
杨浦区,上海市杨浦高级中学,733.5,否,50,400,136,125,139
杨浦区,上海市控江中学,751.5,否,50,415,141,128,140
杨浦区,上海交通大学附属中学,757,否,50,414,134,134,147
杨浦区,复旦大学附属中学,760,否,50,424,144,135,140
杨浦区,同济大学第一附属中学,728,否,50,401,136,126,134
杨浦区,上海市七宝中学,747.5,否,50,407.5,142,121,142
杨浦区,华东师范大学第二附属中学闵行紫竹分校,754,否,50,421.5,150,130,141
杨浦区,上海师范大学附属中学闵行分校,729.5,否,50,405,137,126,131
杨浦区,上海交通大学附属中学闵行分校,748,否,50,415,142,134,143
杨浦区,上海市闵行中学,710.5,否,50,381.5,131,115,136
杨浦区,上海市行知中学,728,否,50,406,140,127,127
杨浦区,上海大学附属中学,706,否,50,398,138,129,122
杨浦区,上海师范大学附属中学宝山分校,717.5,否,50,387.5,138,114,134
杨浦区,上海市吴淞中学,705,否,50,386,124,122,123
杨浦区,华东师范大学第二附属中学（宝山校区）,755.5,否,50,422.5,143,135,139
杨浦区,上海市嘉定区第一中学,721,否,50,396,127,131,129
杨浦区,上海交通大学附属中学嘉定分校,746,否,50,419,139,135,138
杨浦区,上海师范大学附属中学嘉定新城分校,731.5,否,50,402.5,143,118,135
杨浦区,上海中学东校,737,否,50,402.5,136,125,143
杨浦区,上海市建平中学,746,否,50,405,139,125,147
杨浦区,上海市进才中学,746,否,50,410.5,138,128,140
杨浦区,华东师范大学第二附属中学,740.5,否,50,408,144,122,137
杨浦区,上海南汇中学,708.5,否,50,380.5,120,127,132
杨浦区,上海市浦东复旦附中分校,752.5,否,50,413.5,146,127,144
杨浦区,上海市洋泾中学,719.5,否,50,388.5,127,121,136
杨浦区,上海市高桥中学,711.5,否,50,376.5,133,119,134
杨浦区,上海市川沙中学,721,否,50,391,136,115,134
杨浦区,上海市金山中学,730.5,否,50,399.5,135,126,131
杨浦区,华东师范大学第三附属中学,697.5,否,50,378.5,121,125,126
杨浦区,上海市松江二中,740.5,否,50,401.5,137,125,146
杨浦区,华东师范大学第二附属中学松江分校,754,否,50,417,150,124,141
杨浦区,上海市松江一中,720,否,50,395.5,134,120,133
杨浦区,上海外国语大学附属外国语学校松江云间中学,738.5,否,50,400,128,132,141
杨浦区,上海市青浦高级中学,725,否,50,397.5,131,128,135
杨浦区,复旦大学附属中学青浦分校,757,否,50,413,141,128,140
杨浦区,上海市朱家角中学,685.5,否,50,366,124,120,132
杨浦区,上海市奉贤中学,734.5,否,50,406.5,143,130,132
杨浦区,华东师范大学第二附属中学临港奉贤分校,737.5,否,50,412.5,139,131,129
杨浦区,上海市崇明中学,702.5,否,50,384.5,122,124,125
杨浦区,上海市实验学校东滩高级中学,712.5,否,50,395.5,124,132,127
松江区,上海市格致中学,743.5,否,50,410.5,137,133,141
松江区,上海市大同中学,733,否,50,400.5,122,133,140
松江区,上海市光明中学,698.5,否,50,375.5,120,116,134
松江区,上海市敬业中学,724,否,50,399,123,131,131
松江区,上海市卢湾高级中学,711.5,否,50,388,128,126,125
松江区,上海市第二中学,726,否,50,408,134,135,126
松江区,上海市南洋模范中学,754,否,50,415,141,135,141
松江区,上海市上海中学,764,否,50,419,149,124,147
松江区,上海市位育中学,746.5,否,50,413.5,133,137,138
松江区,复旦大学附属中学徐汇分校,756,否,50,423.5,147,128,136
松江区,上海市南洋中学,717,否,50,386,134,116,141
松江区,上海市第三女子中学,720,否,50,398,125,127,130
松江区,上海市延安中学,747,否,50,410,134,135,139
松江区,上海市复旦中学,729.5,否,50,390.5,121,130,144
松江区,上海市育才中学,720,否,50,397,123,130,126
松江区,上海市回民中学,685,否,50,377,116,129,112
松江区,上海市华东模范中学,681,否,50,358.5,122,108,138
松江区,上海市晋元高级中学,722.5,否,50,407.5,137,130,122
松江区,上海市曹杨第二中学,750,否,50,414,140,131,142
松江区,上海市宜川中学,710.5,否,50,390.5,143,122,132
松江区,华东师范大学第一附属中学,727,否,50,392,141,123,140
松江区,上海财经大学附属北郊高级中学,660,否,50,354,107,107,118
松江区,上海市杨浦高级中学,723,否,50,404,128,133,125
松江区,上海市控江中学,770,否,50,424,149,133,147
松江区,上海交通大学附属中学,760,否,50,418,137,134,143
松江区,复旦大学附属中学,763,否,50,422.5,150,129,143
松江区,上海市七宝中学,756,否,50,417,144,130,143
松江区,上海师范大学附属中学闵行分校,736,否,50,403,136,126,139
松江区,上海交通大学附属中学闵行分校,760.5,否,50,421.5,146,131,143
松江区,上海市闵行中学,717.5,否,50,405.5,140,133,122
松江区,上海市行知中学,719,否,50,393,137,119,137
松江区,上海大学附属中学,718.5,否,50,398.5,130,128,125
松江区,上海市吴淞中学,700.5,否,50,393,129,123,118
松江区,上海市嘉定区第一中学,730,否,50,394,138,119,147
松江区,上海交通大学附属中学嘉定分校,756,否,50,410,144,127,148
松江区,上海师范大学附属中学嘉定新城分校,720.5,否,50,395.5,139,121,134
松江区,上海中学东校,734,否,50,389,139,118,144
松江区,上海市建平中学,742.5,否,50,410.5,143,124,138
松江区,上海市进才中学,744,否,50,408,130,129,134
松江区,华东师范大学第二附属中学,754,否,50,421.5,148,125,135
松江区,上海南汇中学,715.5,否,50,384.5,131,126,132
松江区,上海师范大学附属中学,730,否,50,402,136,127,133
松江区,上海市洋泾中学,720.5,否,50,392.5,142,109,135
松江区,上海市高桥中学,709,否,50,394.5,125,131,121
松江区,上海市川沙中学,721,否,50,403,133,133,123
松江区,上海市金山中学,729.5,否,50,394.5,135,123,139
松江区,华东师范大学第三附属中学,712.5,否,50,385.5,133,122,133
松江区,上海市松江二中,756.5,否,50,419.5,147,128,140
松江区,华东师范大学第二附属中学松江分校,760.5,否,50,422,149,128,144
松江区,上海师范大学附属中学松江分校,760.5,否,50,414.5,137,130,147
松江区,上海市松江一中,728,否,50,394,132,122,143
松江区,上海外国语大学附属外国语学校松江云间中学,742.5,否,50,410.5,142,123,140
松江区,上海市青浦高级中学,727.5,否,50,407.5,143,127,125
松江区,复旦大学附属中学青浦分校,753,否,50,419,145,135,140
松江区,上海市朱家角中学,703,否,50,379,117,122,132
松江区,上海市奉贤中学,739.5,否,50,403.5,143,120,146
松江区,上海市崇明中学,705.5,否,50,379.5,123,123,133
浦东新区,上海市格致中学,741.5,否,50,405.5,128,135,137
浦东新区,上海市大同中学,738,否,50,407,131,130,136
浦东新区,上海市向明中学,720.5,否,50,390.5,132,123,136
浦东新区,上海外国语大学附属大境中学,702.5,否,50,387.5,128,118,130
浦东新区,上海市光明中学,696.5,否,50,382,127,117,129
浦东新区,上海市敬业中学,712,否,50,388.5,128,123,130
浦东新区,上海市卢湾高级中学,698.5,否,50,387.5,127,124,124
浦东新区,上海市第二中学,718,否,50,395,129,126,130
浦东新区,上海市南洋模范中学,751,否,50,417,138,133,136
浦东新区,上海市上海中学,750.5,否,50,419.5,145,127,137
浦东新区,上海市位育中学,740,否,50,400,130,126,143
浦东新区,复旦大学附属中学徐汇分校,759.5,否,50,431.5,146,137,134
浦东新区,上海市南洋中学,714,否,50,399.5,130,125,125
浦东新区,上海市第三女子中学,714.5,否,50,397,122,136,127
浦东新区,上海市延安中学,740.5,否,50,412.5,135,133,134
浦东新区,上海市复旦中学,709,否,50,393,130,126,126
浦东新区,上海市市西中学,728,否,50,402,130,129,136
浦东新区,上海市育才中学,710,否,50,394,137,118,131
浦东新区,上海市新中高级中学,707.5,否,50,387,126,121,130
浦东新区,上海市市北中学,711,否,50,386.5,132,114,132
浦东新区,上海市回民中学,682,否,50,368,126,109,129
浦东新区,上海市第六十中学,678.5,否,50,368,114,126,123
浦东新区,上海市华东模范中学,692.5,否,50,377,130,120,132
浦东新区,上海市晋元高级中学,730,否,50,411.5,140,133,125
浦东新区,上海市曹杨第二中学,743,否,50,409,136,131,136
浦东新区,上海市宜川中学,717,否,50,394.5,136,118,132
浦东新区,复旦大学附属复兴中学,738.5,否,50,407.5,131,132,136.5
浦东新区,华东师范大学第一附属中学,725,否,50,391,121,131,144
浦东新区,上海财经大学附属北郊高级中学,705,否,50,384.5,125,120,127
浦东新区,上海市杨浦高级中学,724.5,否,50,401.5,136,119,135
浦东新区,上海市控江中学,738.5,否,50,407,134,130,139
浦东新区,上海交通大学附属中学,756.5,否,50,419.5,150,123,144
浦东新区,复旦大学附属中学,761,否,50,419,140,139,146
浦东新区,同济大学第一附属中学,718,否,50,388.5,138,115,137
浦东新区,上海市七宝中学,753,否,50,416,145,129,143
浦东新区,华东师范大学第二附属中学闵行紫竹分校,749.5,否,50,415.5,136,134,141
浦东新区,上海师范大学附属中学闵行分校,733,否,50,403.5,149,117,140
浦东新区,上海交通大学附属中学闵行分校,752,否,50,419,143,132,138
浦东新区,上海市闵行中学,710.5,否,50,393.5,131,129,120
浦东新区,上海市行知中学,728,否,50,394.5,138,119,138
浦东新区,上海大学附属中学,717.5,否,50,392,129,130,128
浦东新区,上海师范大学附属中学宝山分校,714.5,否,50,390.5,120,126,129
浦东新区,上海市吴淞中学,714,否,50,400,130,126,119
浦东新区,华东师范大学第二附属中学（宝山校区）,756,否,50,418,140,131,142
浦东新区,上海市嘉定区第一中学,726,否,50,399,139,128,132
浦东新区,上海交通大学附属中学嘉定分校,748.5,否,50,412.5,139,132,135
浦东新区,上海师范大学附属中学嘉定新城分校,716.5,否,50,391,137,111,137
浦东新区,上海中学东校,744,否,50,409,138,134,139
浦东新区,上海市建平中学,753.5,否,50,422.5,148,129,141
浦东新区,上海市进才中学,749,否,50,414,148,124,141
浦东新区,华东师范大学第二附属中学,759.5,否,50,421.5,148,131,140
浦东新区,上海南汇中学,728,否,50,403,130,130,134
浦东新区,上海市浦东复旦附中分校,756,否,50,421,146,132,139
浦东新区,上海师范大学附属中学,732,否,50,405,141,124,135
浦东新区,上海市洋泾中学,738.5,否,50,407.5,143,126,140
浦东新区,上海市高桥中学,721.5,否,50,400,131,123,129
浦东新区,上海市川沙中学,735,否,50,409,140,127,135
浦东新区,上海市实验学校,740.5,否,50,409,140,124,140
浦东新区,上海市金山中学,716,否,50,393,140,119,128
浦东新区,华东师范大学第三附属中学,693.5,否,50,378,130,111,129
浦东新区,上海市松江二中,735,否,50,406,132,133,133
浦东新区,华东师范大学第二附属中学松江分校,742,否,50,407,141,124,141
浦东新区,上海师范大学附属中学松江分校,717,否,50,388,125,122,126
浦东新区,上海市松江一中,711.5,否,50,394,121,131,128
浦东新区,上海外国语大学附属外国语学校松江云间中学,728.5,否,50,404,129,129,124
浦东新区,上海市青浦高级中学,704.5,否,50,386,130,123,126
浦东新区,复旦大学附属中学青浦分校,747,否,50,413.5,144,127,141
浦东新区,上海市朱家角中学,699.5,否,50,375,133,123,137
浦东新区,上海市奉贤中学,732.5,否,50,405,144,123,133
浦东新区,华东师范大学第二附属中学临港奉贤分校,740.5,否,50,408.5,137,126,136
浦东新区,上海市崇明中学,700,否,50,370,110,132,130
浦东新区,上海市实验学校东滩高级中学,712,否,50,393,136,124,126
虹口区,上海市格致中学,740,否,50,410,143,124,140
虹口区,上海外国语大学附属大境中学,683.5,否,50,367.5,110,124,129
虹口区,上海市光明中学,690,否,50,366,126,114,137
虹口区,上海市敬业中学,718.5,否,50,405.5,131,134,120
虹口区,上海市第二中学,671.5,否,50,369.5,129,106,111
虹口区,上海市南洋模范中学,741,否,50,405.5,132,131,138
虹口区,上海市上海中学,733.5,否,50,398.5,132,120,139
虹口区,上海市位育中学,717.5,否,50,394.5,132,121,128
虹口区,上海市南洋中学,700,否,50,379.5,127,122,129
虹口区,上海市第三女子中学,712,否,50,392,129,125,130
虹口区,上海市延安中学,727,否,50,397,133,123,136
虹口区,上海市复旦中学,697.5,否,50,387,119,128,122
虹口区,上海市育才中学,716,否,50,397.5,135,121,124
虹口区,上海市新中高级中学,696.5,否,50,370,122,121,133
虹口区,上海市市北中学,723,否,50,403.5,139,126,130
虹口区,上海市回民中学,694,否,50,383,138,120,129
虹口区,上海市第六十中学,688.5,否,50,364,127,117,135
虹口区,上海市晋元高级中学,715.5,否,50,397,146,125,127
虹口区,上海市曹杨第二中学,742,否,50,410.5,137,133,139
虹口区,上海市宜川中学,685.5,否,50,370,120,118,123
虹口区,华东师范大学第二附属中学（普陀校区）,748.5,否,50,411.5,143,126,145
虹口区,复旦大学附属复兴中学,743,否,50,414,138,131,132
虹口区,华东师范大学第一附属中学,726.5,否,50,399.5,129,124,128
虹口区,上海财经大学附属北郊高级中学,710.5,否,50,395.5,130,128,123
虹口区,上海市杨浦高级中学,727,否,50,396,122,132,137
虹口区,上海市控江中学,741.5,否,50,406,138,130,141
虹口区,上海交通大学附属中学,755.5,否,50,418.5,144,136,141
虹口区,复旦大学附属中学,755,否,50,424.5,148,131,136
虹口区,同济大学第一附属中学,722.5,否,50,404.5,146,121,128
虹口区,上海市七宝中学,746.5,否,50,410.5,136,128,142
虹口区,华东师范大学第二附属中学闵行紫竹分校,747.5,否,50,416.5,144,130,136
虹口区,上海师范大学附属中学闵行分校,692.5,否,50,375,126,125,123
虹口区,上海市闵行中学,696.5,否,50,367,119,122,138
虹口区,上海市行知中学,716.5,否,50,393.5,129,123,131
虹口区,上海大学附属中学,710,否,50,397.5,128,129,126
虹口区,上海师范大学附属中学宝山分校,704,否,50,386.5,134,121,121
虹口区,上海市吴淞中学,720,否,50,394.5,131,126,132
虹口区,华东师范大学第二附属中学（宝山校区）,752.5,否,50,414.5,137,132,142
虹口区,上海市嘉定区第一中学,735.5,否,50,399.5,135,124,142
虹口区,上海交通大学附属中学嘉定分校,745.5,否,50,417,145,129,134
虹口区,上海中学东校,731,否,50,405,140,124,132
虹口区,上海市建平中学,742.5,否,50,409.5,136,129,137
虹口区,上海市进才中学,737.5,否,50,403.5,138,120,137
虹口区,华东师范大学第二附属中学,746,否,50,416,143,131,136
虹口区,上海南汇中学,697,否,50,389,132,119,117
虹口区,上海市浦东复旦附中分校,748.5,否,50,416.5,139,132,135
虹口区,上海市洋泾中学,711,否,50,388.5,141,115,133
虹口区,上海市高桥中学,678.5,否,50,373.5,117,121,114
虹口区,上海市川沙中学,710.5,否,50,390.5,131,124,128
虹口区,上海市金山中学,704.5,否,50,384,136,105,135
虹口区,华东师范大学第三附属中学,674.5,否,50,370.5,116,114,113
虹口区,上海市松江二中,735.5,否,50,406.5,130,141,132
虹口区,上海市松江一中,689.5,否,50,378,126,118,120
虹口区,上海外国语大学附属外国语学校松江云间中学,719,否,50,390.5,130,123,130
虹口区,上海市青浦高级中学,697.5,否,50,372.5,121,120,133
虹口区,复旦大学附属中学青浦分校,752.5,否,50,414,141,131,144
虹口区,上海市朱家角中学,656,否,50,341,115,103,128
虹口区,上海市奉贤中学,717.5,否,50,387,124,122,134
虹口区,华东师范大学第二附属中学临港奉贤分校,718.5,否,50,397.5,132,129,128
虹口区,上海市崇明中学,706.5,否,50,381,118,133,129
虹口区,上海市实验学校东滩高级中学,708.5,否,50,386.5,128,121,132
金山区,上海市第二中学,708,否,50,381,107,134,129
金山区,上海市南洋模范中学,748.5,否,50,411.5,137,127,141
金山区,上海市上海中学,733.5,否,50,392,141,123,143
金山区,上海市位育中学,744,否,50,411,147,125,140
金山区,上海市南洋中学,721.5,否,50,389.5,122,128,137
金山区,上海市延安中学,741,否,50,403,139,126,136
金山区,上海市复旦中学,718,否,50,398.5,136,121,129
金山区,上海市育才中学,672,否,50,365,120,117,117
金山区,上海市宜川中学,680.5,否,50,372,114,118,118
金山区,华东师范大学第一附属中学,721,否,50,397.5,135,118,133
金山区,上海财经大学附属北郊高级中学,689,否,50,379.5,123,123,118
金山区,上海市杨浦高级中学,720,否,50,394.5,132,127,129
金山区,上海交通大学附属中学,753.5,否,50,418.5,148,129,140
金山区,复旦大学附属中学,755,否,50,416,150,121,143
金山区,上海市七宝中学,744.5,否,50,408.5,138,124,141
金山区,上海师范大学附属中学闵行分校,725.5,否,50,396.5,127,128,133
金山区,上海市闵行中学,719,否,50,403.5,134,129,127
金山区,上海大学附属中学,706.5,否,50,379.5,136,121,133
金山区,上海市吴淞中学,725,否,50,398,130,128,131
金山区,上海市嘉定区第一中学,702,否,50,385,131,118,122
金山区,上海交通大学附属中学嘉定分校,746,否,50,408,149,115,142
金山区,上海中学东校,725,否,50,396,136,124,135
金山区,上海市建平中学,744,否,50,408,143,121,142
金山区,上海市进才中学,733.5,否,50,406.5,132,133,130
金山区,华东师范大学第二附属中学,715.5,否,50,386.5,136,118,140
金山区,上海南汇中学,698.5,否,50,378.5,118,121,123
金山区,上海师范大学附属中学,712.5,否,50,385,141,120,139
金山区,上海市洋泾中学,709.5,否,50,388.5,127,125,124
金山区,上海市高桥中学,697,否,50,357,120,127,138
金山区,上海市川沙中学,721.5,否,50,392.5,127,124,141
金山区,上海市金山中学,748.5,否,50,410.5,136,135,142
金山区,华东师范大学第三附属中学,712,否,50,386,135,123,133
金山区,上海市松江二中,737.5,否,50,401.5,143,120,139
金山区,上海市松江一中,713.5,否,50,379.5,130,120,139
金山区,上海外国语大学附属外国语学校松江云间中学,727,否,50,404,131,127,128
金山区,上海市青浦高级中学,710,否,50,394,135,124,128
金山区,复旦大学附属中学青浦分校,749,否,50,414,142,131,139
金山区,上海市朱家角中学,690.5,否,50,366.5,120,121,131
金山区,上海市奉贤中学,737.5,否,50,407.5,144,121,135
金山区,华东师范大学第二附属中学临港奉贤分校,728,否,50,403,140,124,133
金山区,上海市崇明中学,696.5,否,50,369.5,126,119,130
长宁区,上海市格致中学,727,否,50,394,128,127,140
长宁区,上海市向明中学,721.5,否,50,389.5,135,113,139
长宁区,上海外国语大学附属大境中学,700,否,50,371,131,117,137
长宁区,上海市光明中学,691.5,否,50,382.5,122,123,116
长宁区,上海市第二中学,715.5,否,50,400.5,135,130,123
长宁区,上海市南洋模范中学,751,否,50,416,140,131,141
长宁区,上海市上海中学,751,否,50,415,147,124,142
长宁区,上海市位育中学,733.5,否,50,409.5,140,125,125
长宁区,上海市南洋中学,686.5,否,50,378.5,116,122,121
长宁区,上海市第三女子中学,718,否,50,395,128,129,130
长宁区,上海市延安中学,748,否,50,414,140,125,139
长宁区,上海市复旦中学,725.5,否,50,395.5,135,124,139
长宁区,上海市市西中学,733,否,50,400.5,129,125,134
长宁区,上海市育才中学,725.5,否,50,394,127,130,136
长宁区,上海市新中高级中学,706,否,50,381,129,113,132
长宁区,上海市市北中学,715,否,50,394,142,119,129
长宁区,上海市回民中学,670,否,50,363,111,126,116
长宁区,上海市第六十中学,690,否,50,372.5,117,122,126
长宁区,上海市华东模范中学,682,否,50,370,119,115,123
长宁区,上海市晋元高级中学,728,否,50,406,141,126,126
长宁区,上海市曹杨第二中学,742.5,否,50,407.5,137,125,140
长宁区,上海市宜川中学,713,否,50,398,132,128,126
长宁区,华东师范大学第二附属中学（普陀校区）,756,否,50,412,146,125,149
长宁区,复旦大学附属复兴中学,730.5,否,50,397.5,133,128,138
长宁区,华东师范大学第一附属中学,725,否,50,391,134,121,140
长宁区,上海市杨浦高级中学,719,否,50,391,132,129,139
长宁区,上海交通大学附属中学,756.5,否,50,419.5,142,130,143
长宁区,复旦大学附属中学,758,否,50,422.5,150,131,140
长宁区,上海市七宝中学,754,否,50,412,140,133,143
长宁区,华东师范大学第二附属中学闵行紫竹分校,752,否,50,418.5,138,134,140
长宁区,上海师范大学附属中学闵行分校,731,否,50,402,133,126,135
长宁区,上海交通大学附属中学闵行分校,762,否,50,419,144,130,147
长宁区,上海市闵行中学,696.5,否,50,377.5,121,118,127
长宁区,上海市行知中学,717,否,50,396.5,117,134,126
长宁区,上海大学附属中学,712.5,否,50,400.5,119,139,120
长宁区,上海师范大学附属中学宝山分校,731.5,否,50,398.5,130,126,143
长宁区,上海市吴淞中学,698.5,否,50,381.5,117,128,123
长宁区,华东师范大学第二附属中学（宝山校区）,749.5,否,50,409.5,136,130,144
长宁区,上海市嘉定区第一中学,713,否,50,391,131,124,132
长宁区,上海交通大学附属中学嘉定分校,745.5,否,50,414.5,142,128,133
长宁区,上海师范大学附属中学嘉定新城分校,722,否,50,400,134,125,132
长宁区,上海中学东校,738,否,50,400,134,124,140
长宁区,上海市建平中学,743.5,否,50,411,140,126,137
长宁区,上海市进才中学,738,否,50,406.5,140,125,135
长宁区,华东师范大学第二附属中学,755,否,50,417,142,131,142
长宁区,上海南汇中学,681.5,否,50,375.5,134,116,112
长宁区,上海师范大学附属中学,734,否,50,404,134,126,133
长宁区,上海市洋泾中学,661.5,否,50,358.5,111,115,114
长宁区,上海市高桥中学,681,否,50,371,130,120,117
长宁区,上海市川沙中学,704,否,50,394.5,132,123,116
长宁区,上海市金山中学,694,否,50,373,130,113,128
长宁区,华东师范大学第三附属中学,680.5,否,50,357.5,121,115,134
长宁区,上海市松江二中,734,否,50,405,142,125,138
长宁区,上海市松江一中,691,否,50,385,121,125,111
长宁区,上海外国语大学附属外国语学校松江云间中学,734,否,50,407.5,129,132,129
长宁区,上海市青浦高级中学,709.5,否,50,394,135,126,119
长宁区,复旦大学附属中学青浦分校,753,否,50,417,143,130,138
长宁区,上海市朱家角中学,681,否,50,378,119,122,112
长宁区,上海市奉贤中学,732.5,否,50,401.5,133,127,143
长宁区,华东师范大学第二附属中学临港奉贤分校,726,否,50,400,134,125,138
长宁区,上海市崇明中学,680.5,否,50,373,140,109,130
闵行区,上海市格致中学,744,否,50,410,141,128,136
闵行区,上海市大同中学,729.5,否,50,399,138,119,137
闵行区,上海市向明中学（浦江校区）,723.5,否,50,385.5,128,120,142
闵行区,上海外国语大学附属大境中学,694.5,否,50,380,117,128,127
闵行区,上海市光明中学,705.5,否,50,376.5,124,122,136
闵行区,上海市敬业中学,709,否,50,384,116,121,133
闵行区,上海市卢湾高级中学,706.5,否,50,382,130,114,132
闵行区,上海市第二中学（梅陇校区）,735,否,50,408,132,135,132
闵行区,上海市南洋模范中学,748,否,50,414,134,133,136
闵行区,上海市上海中学,763,否,50,427,144,139,139
闵行区,上海市位育中学,741,否,50,406,137,131,139
闵行区,复旦大学附属中学徐汇分校,759,否,50,420,143,133,144
闵行区,上海市南洋中学,723.5,否,50,399.5,124,133,130
闵行区,上海市第三女子中学,727.5,否,50,390.5,131,129,139
闵行区,上海市延安中学,747.5,否,50,408,145,117,144
闵行区,上海市复旦中学,727,否,50,397,135,123,136
闵行区,上海市市西中学,736.5,否,50,401,145,118,139
闵行区,上海市育才中学,726.5,否,50,389.5,125,125,141
闵行区,上海市新中高级中学,722,否,50,395,139,122,133
闵行区,上海市市北中学,701,否,50,367.5,119,112,138
闵行区,上海市回民中学,689,否,50,379,124,127,123
闵行区,上海市第六十中学,681,否,50,370.5,115,121,118
闵行区,上海市华东模范中学,693,否,50,377,121,114,127
闵行区,上海市曹杨第二中学,742.5,否,50,411.5,139,127,139
闵行区,上海市宜川中学,709,否,50,385,122,123,128
闵行区,华东师范大学第一附属中学,736,否,50,400,127,130,139
闵行区,上海财经大学附属北郊高级中学,701.5,否,50,393.5,140,115,126
闵行区,上海市杨浦高级中学,729,否,50,400,132,132,133
闵行区,上海市控江中学,740,否,50,408,144,127,139
闵行区,上海交通大学附属中学,760,否,50,420,144,136,142
闵行区,复旦大学附属中学,763,否,50,425,143,138,142
闵行区,同济大学第一附属中学,725,否,50,400,132,125,130
闵行区,上海市七宝中学,759.5,否,50,421.5,148,127,144
闵行区,华东师范大学第二附属中学闵行紫竹分校,757.5,否,50,418.5,139,133,140
闵行区,上海师范大学附属中学闵行分校,736,否,50,403.5,129,135,137
闵行区,上海交通大学附属中学闵行分校,761,否,50,420,144,132,144
闵行区,上海市闵行中学,731.5,否,50,397.5,137,125,139
闵行区,上海市行知中学,732,否,50,403,140,121,140
闵行区,上海大学附属中学,726,否,50,395.5,129,130,138
闵行区,上海师范大学附属中学宝山分校,715,否,50,387,140,120,132
闵行区,上海市吴淞中学,704,否,50,391,128,120,124
闵行区,华东师范大学第二附属中学（宝山校区）,741,否,50,406.5,144,126,144
闵行区,上海市嘉定区第一中学,732,否,50,403,140,126,137
闵行区,上海交通大学附属中学嘉定分校,750,否,50,410,132,129,143
闵行区,上海师范大学附属中学嘉定新城分校,718.5,否,50,397.5,136,126,127
闵行区,上海中学东校,734.5,否,50,399.5,134,126,138
闵行区,上海市建平中学,743,否,50,405,138,127,139
闵行区,上海市进才中学,745,否,50,412.5,145,130,142
闵行区,华东师范大学第二附属中学,761,否,50,422,144,132,142
闵行区,上海南汇中学,712.5,否,50,386.5,134,118,132
闵行区,上海市浦东复旦附中分校,750,否,50,409,140,123,145
闵行区,上海师范大学附属中学,730.5,否,50,403.5,128,130,134
闵行区,上海市洋泾中学,728,否,50,403,133,126,129
闵行区,上海市高桥中学,718.5,否,50,390.5,128,122,136
闵行区,上海市川沙中学,721.5,否,50,398,130,123,131
闵行区,上海市金山中学,719.5,否,50,401.5,126,131,125
闵行区,华东师范大学第三附属中学,690,否,50,367,123,110,131
闵行区,上海市松江二中,735.5,否,50,403.5,139,122,137
闵行区,华东师范大学第二附属中学松江分校,753.5,否,50,423.5,146,134,134
闵行区,上海市松江一中,720.5,否,50,397.5,132,129,127
闵行区,上海外国语大学附属外国语学校松江云间中学,736,否,50,401,128,127,139
闵行区,上海市青浦高级中学,718.5,否,50,386.5,128,121,141
闵行区,复旦大学附属中学青浦分校,752.5,否,50,417.5,136,137,135
闵行区,上海市朱家角中学,702,否,50,386,128,122,130
闵行区,上海市奉贤中学,735.5,否,50,407.5,145,124,133
闵行区,华东师范大学第二附属中学临港奉贤分校,730,否,50,402,128,129,131
闵行区,上海市崇明中学,704.5,否,50,379.5,127,117,132
青浦区,上海市大同中学,735,否,50,403,139,124,138
青浦区,上海市第二中学,713.5,否,50,385.5,125,118,137
青浦区,上海市南洋模范中学,743,否,50,412,137,134,136
青浦区,上海市上海中学,765,否,50,428,150,133,140
青浦区,上海市位育中学,739,否,50,415,140,132,128
青浦区,上海市南洋中学,695,否,50,373,116,122,136
青浦区,上海市第三女子中学,722.5,否,50,397,132,131,133
青浦区,上海市延安中学,747,否,50,415,148,129,140
青浦区,上海市复旦中学,728.5,否,50,394.5,126,129,137
青浦区,上海市育才中学,678,否,50,369.5,125,115,127
青浦区,上海市新中高级中学,691.5,否,50,384.5,123,123,115
青浦区,上海市回民中学,667,否,50,357.5,120,112,114
青浦区,上海市晋元高级中学,727.5,否,50,405.5,137,126,131
青浦区,上海市曹杨第二中学,739.5,否,50,402.5,138,122,144
青浦区,上海市宜川中学,707.5,否,50,393.5,127,130,120
青浦区,华东师范大学第一附属中学,698,否,50,384,125,126,125
青浦区,上海市杨浦高级中学,706,否,50,393,136,125,128
青浦区,上海市控江中学,739,否,50,400.5,140,125,145
青浦区,上海交通大学附属中学,757,否,50,417,145,127,144
青浦区,复旦大学附属中学,762.5,否,50,426.5,140,139,142
青浦区,上海市七宝中学,750,否,50,414,143,124,142
青浦区,上海师范大学附属中学闵行分校,719.5,否,50,390.5,132,127,135
青浦区,上海交通大学附属中学闵行分校,750.5,否,50,417.5,146,125,138
青浦区,上海市闵行中学,690,否,50,372.5,119,113,125
青浦区,上海市行知中学,723.5,否,50,398.5,124,131,129
青浦区,上海大学附属中学,703.5,否,50,390,124,125,124
青浦区,上海市吴淞中学,698.5,否,50,380.5,130,119,128
青浦区,华东师范大学第二附属中学（宝山校区）,752,否,50,424,145,132,137
青浦区,上海市嘉定区第一中学,724.5,否,50,397,135,127,138
青浦区,上海交通大学附属中学嘉定分校,757.5,否,50,420.5,142,133,143
青浦区,上海师范大学附属中学嘉定新城分校,716.5,否,50,388.5,138,122,133
青浦区,上海市建平中学,730,否,50,404,137,124,131
青浦区,上海市进才中学,733.5,否,50,400.5,130,130,144
青浦区,华东师范大学第二附属中学,749,否,50,421,142,134,133
青浦区,上海南汇中学,707.5,否,50,383.5,132,123,131
青浦区,上海师范大学附属中学,736,否,50,400,131,123,138
青浦区,上海市洋泾中学,687,否,50,375.5,115,117,117
青浦区,上海市高桥中学,694,否,50,390,131,121,114
青浦区,上海市川沙中学,712.5,否,50,393.5,124,129,128
青浦区,上海市金山中学,717,否,50,391,132,123,131
青浦区,华东师范大学第三附属中学,692.5,否,50,380.5,128,113,123
青浦区,上海市松江二中,737.5,否,50,409.5,141,124,136
青浦区,上海市松江一中,710,否,50,385,129,117,133
青浦区,上海外国语大学附属外国语学校松江云间中学,734,否,50,412,135,132,133
青浦区,上海市青浦高级中学,737,否,50,403,132,131,138
青浦区,复旦大学附属中学青浦分校,763.5,否,50,427.5,150,135,137
青浦区,上海市朱家角中学,708.5,否,50,392,132,122,125
青浦区,上海市奉贤中学,728,否,50,404,134,129,131
青浦区,上海市崇明中学,697,否,50,379,131,121,133
静安区,上海市格致中学,744,否,50,414,139,131,137
静安区,上海市大同中学,740,否,50,407,144,123,140
静安区,上海市向明中学,730,否,50,400.5,131,130,136
静安区,上海市光明中学,710.5,否,50,388.5,116,130,127
静安区,上海市敬业中学,708,否,50,385.5,122,125,130
静安区,上海市第二中学,724,否,50,406,143,125,119
静安区,上海市南洋模范中学,743.5,否,50,402.5,130,126,134
静安区,上海市上海中学,742,否,50,412.5,143,131,140
静安区,上海市位育中学,739,否,50,404,139,128,137
静安区,复旦大学附属中学徐汇分校,758,否,50,420,146,128,142
静安区,上海市南洋中学,705,否,50,385,131,126,132
静安区,上海市第三女子中学,715,否,50,399,127,130,131
静安区,上海市延安中学,740.5,否,50,406.5,137,127,140
静安区,上海市复旦中学,713,否,50,390,125,121,129
静安区,上海市市西中学,745,否,50,411,137,131,131
静安区,上海市育才中学,718.5,否,50,395.5,131,129,130
静安区,上海市新中高级中学,716,否,50,390,127,125,132
静安区,上海市市北中学,722,否,50,392.5,142,121,140
静安区,上海市回民中学,668.5,否,50,369.5,113,122,118
静安区,上海市第六十中学,689.5,否,50,383,126,123,118
静安区,上海市华东模范中学,674,否,50,365.5,118,120,120
静安区,上海市晋元高级中学,733.5,否,50,409,140,130,139
静安区,上海市曹杨第二中学,749,否,50,407,141,120,145
静安区,上海市宜川中学,719.5,否,50,396,127,128,135
静安区,华东师范大学第二附属中学（普陀校区）,751.5,否,50,419,142,132,139
静安区,复旦大学附属复兴中学,733.5,否,50,411.5,145,124,128
静安区,华东师范大学第一附属中学,731.5,否,50,404.5,141,127,134
静安区,上海财经大学附属北郊高级中学,706,否,50,398.5,137,121,134
静安区,上海市杨浦高级中学,721,否,50,390.5,126,120,135
静安区,上海市控江中学,742,否,50,409,146,122,137
静安区,上海交通大学附属中学,750,否,50,421,143,131,135
静安区,复旦大学附属中学,758.5,否,50,428,148,132,137
静安区,同济大学第一附属中学,722.5,否,50,395.5,127,128,129
静安区,上海市七宝中学,750.5,否,50,416.5,140,132,138
静安区,华东师范大学第二附属中学闵行紫竹分校,753.5,否,50,416.5,144,128,141
静安区,上海师范大学附属中学闵行分校,735.5,否,50,402.5,137,125,138
静安区,上海交通大学附属中学闵行分校,746,否,50,414,146,123,136
静安区,上海市闵行中学,662,否,50,365.5,121,117,116
静安区,上海市行知中学,720,否,50,392,137,119,143
静安区,上海大学附属中学,713.5,否,50,397,124,135,124
静安区,上海师范大学附属中学宝山分校,732,否,50,398.5,137,123,140
静安区,上海市吴淞中学,713.5,否,50,392.5,122,128,127
静安区,华东师范大学第二附属中学（宝山校区）,750.5,否,50,412.5,144,127,146
静安区,上海市嘉定区第一中学,730.5,否,50,400.5,128,132,135
静安区,上海交通大学附属中学嘉定分校,750,否,50,420,146,130,138
静安区,上海师范大学附属中学嘉定新城分校,731.5,否,50,400,132,124,131
静安区,上海中学东校,732,否,50,399,138,123,145
静安区,上海市建平中学,692,否,50,385.5,134,114,117
静安区,上海市进才中学,740.5,否,50,409.5,138,127,133
静安区,华东师范大学第二附属中学,744,否,50,411,141,127,144
静安区,上海南汇中学,699,否,50,389,127,123,119
静安区,上海市浦东复旦附中分校,743.5,否,50,410,137,131,141
静安区,上海市高桥中学,701.5,否,50,382,121,131,129
静安区,上海市川沙中学,717.5,否,50,395.5,127,128,128
静安区,上海市金山中学,717.5,否,50,392.5,120,129,133
静安区,华东师范大学第三附属中学,675.5,否,50,361.5,114,121,126
静安区,上海市松江二中,736,否,50,407,128,136,136
静安区,上海市松江一中,696,否,50,385.5,132,118,121
静安区,上海外国语大学附属外国语学校松江云间中学,732,否,50,397.5,128,125,140
静安区,上海市青浦高级中学,701,否,50,389.5,125,124,124
静安区,复旦大学附属中学青浦分校,741.5,否,50,413,142,129,133
静安区,上海市朱家角中学,683,否,50,377,130,116,118
静安区,上海市奉贤中学,726,否,50,396,141,120,136
静安区,华东师范大学第二附属中学临港奉贤分校,731,否,50,399,134,127,139
静安区,上海市崇明中学,702,否,50,379.5,117,129,136
静安区,上海市实验学校东滩高级中学,711.5,否,50,392.5,116,136,122
黄浦区,上海市格致中学,747.5,否,50,408.5,138,127,143
黄浦区,上海市格致中学（奉贤校区）,714,否,50,387.5,138,114,131
黄浦区,上海市大同中学,746,否,50,418,143,129,133
黄浦区,上海市向明中学,732,否,50,405,137,133,134
黄浦区,上海市向明中学（浦江校区）,707.5,否,50,381,121,129,134
黄浦区,上海外国语大学附属大境中学,709,否,50,386.5,135,121,127
黄浦区,上海市光明中学,691,否,50,379,118,123,117
黄浦区,上海市敬业中学,719.5,否,50,394.5,134,117,134
黄浦区,上海市卢湾高级中学,709,否,50,383,120,125,132
黄浦区,上海市第二中学,723.5,否,50,395.5,132,125,134
黄浦区,上海市南洋模范中学,756,否,50,413,138,133,142
黄浦区,上海市上海中学,761.5,否,50,427.5,147,132,136
黄浦区,上海市位育中学,739.5,否,50,408.5,134,130,134
黄浦区,上海市南洋中学,728,否,50,398,135,125,136
黄浦区,上海市第三女子中学,709.5,否,50,392.5,122,129,123
黄浦区,上海市延安中学,737,否,50,406,133,128,136
黄浦区,上海市复旦中学,693.5,否,50,383.5,131,119,121
黄浦区,上海市市西中学,733.5,否,50,401.5,127,127,135
黄浦区,上海市育才中学,706.5,否,50,382.5,118,127,131
黄浦区,上海市市北中学,719.5,否,50,395.5,130,125,124
黄浦区,上海市回民中学,691.5,否,50,380,121,127,123
黄浦区,上海市第六十中学,680.5,否,50,374.5,129,118,116
黄浦区,上海市华东模范中学,678,否,50,375,119,121,116
黄浦区,上海市曹杨第二中学,758,否,50,418.5,146,127,143
黄浦区,上海市宜川中学,694.5,否,50,389.5,118,130,115
黄浦区,华东师范大学第二附属中学（普陀校区）,747,否,50,411,137,131,139
黄浦区,华东师范大学第一附属中学,719.5,否,50,401.5,139,119,128
黄浦区,上海市杨浦高级中学,722.5,否,50,401.5,138,119,130
黄浦区,上海市控江中学,732.5,否,50,406.5,136,129,133
黄浦区,上海交通大学附属中学,762.5,否,50,416.5,145,127,144
黄浦区,复旦大学附属中学,757.5,否,50,413.5,140,131,145
黄浦区,上海市七宝中学,748.5,否,50,415.5,141,130,137
黄浦区,华东师范大学第二附属中学闵行紫竹分校,748,否,50,414.5,146,125,136.5
黄浦区,上海师范大学附属中学闵行分校,720.5,否,50,393,134,129,141
黄浦区,上海市闵行中学,705.5,否,50,395.5,133,128,121
黄浦区,上海市行知中学,717,否,50,394,136,126,128
黄浦区,上海大学附属中学,707.5,否,50,393.5,133,121,125
黄浦区,上海市吴淞中学,695,否,50,375.5,120,122,124
黄浦区,华东师范大学第二附属中学（宝山校区）,754,否,50,418,144,128,140
黄浦区,上海市嘉定区第一中学,725.5,否,50,384.5,128,124,141
黄浦区,上海交通大学附属中学嘉定分校,747.5,否,50,414.5,138,130,139
黄浦区,上海市建平中学,750.5,否,50,408.5,143,122,146
黄浦区,上海市进才中学,741,否,50,404.5,141,129,139
黄浦区,华东师范大学第二附属中学,755,否,50,421,144,132,135
黄浦区,上海南汇中学,700.5,否,50,387,130,128,123
黄浦区,上海市浦东复旦附中分校,748,否,50,415,140,130,136
黄浦区,上海市洋泾中学,718.5,否,50,391.5,129,125,140
黄浦区,上海市高桥中学,702.5,否,50,384,121,123,135
黄浦区,上海市川沙中学,712.5,否,50,382.5,118,128,139
黄浦区,上海市金山中学,703.5,否,50,379,130,124,132
黄浦区,华东师范大学第三附属中学,700.5,否,50,377,112,126,128
黄浦区,上海市松江二中,743,否,50,409,141,122,137
黄浦区,上海市松江一中,700.5,否,50,378.5,124,121,134
黄浦区,上海外国语大学附属外国语学校松江云间中学,733,否,50,398,139,125,141
黄浦区,上海市青浦高级中学,719.5,否,50,399,133,129,123
黄浦区,复旦大学附属中学青浦分校,752.5,否,50,428.5,150,131,125
黄浦区,上海市朱家角中学,659.5,否,50,351,140,103,124
黄浦区,上海市奉贤中学,743,否,50,412,145,124,138
黄浦区,华东师范大学第二附属中学临港奉贤分校,737,否,50,399.5,133,126,141
黄浦区,上海市崇明中学,688.5,否,50,363,128,113,135
